electorate_name,electorate_type,Total_valid_electorate_votes,ACT NEW ZEALAND_votes,ACT NEW ZEALAND_share,ANIMAL JUSTICE PARTY_votes,ANIMAL JUSTICE PARTY_share,AOTEAROA LEGALISE CANNABIS PARTY_votes,AOTEAROA LEGALISE CANNABIS PARTY_share,DEMOCRACYNZ_votes,DEMOCRACYNZ_share,FREEDOMS NZ_votes,FREEDOMS NZ_share,GREEN PARTY_votes,GREEN PARTY_share,LABOUR PARTY_votes,LABOUR PARTY_share,LEIGHTON BAKER_votes,LEIGHTON BAKER_share,NATIONAL PARTY_votes,NATIONAL PARTY_share,NEW CONSERVATIVES_votes,NEW CONSERVATIVES_share,NEW NATION PARTY_votes,NEW NATION PARTY_share,NEW ZEALAND FIRST PARTY_votes,NEW ZEALAND FIRST PARTY_share,NZ LOYAL_votes,NZ LOYAL_share,NEWZEAL_votes,NEWZEAL_share,TE PĀTI MĀORI_votes,TE PĀTI MĀORI_share,THE OPPORTUNITIES PARTY (TOP)_votes,THE OPPORTUNITIES PARTY (TOP)_share,WOMEN’S RIGHTS PARTY_votes,WOMEN’S RIGHTS PARTY_share,Economic Euthenics_votes,Economic Euthenics_share,Future Youth Party_votes,Future Youth Party_share,Human Rights Party_votes,Human Rights Party_share,"INDEPENDENT — BAINS, Pete_votes","INDEPENDENT — BAINS, Pete_share","INDEPENDENT — BALDOCK, Larry_votes","INDEPENDENT — BALDOCK, Larry_share","INDEPENDENT — BRIDGE, Phillip_votes","INDEPENDENT — BRIDGE, Phillip_share","INDEPENDENT — BURR, Bill_votes","INDEPENDENT — BURR, Bill_share","INDEPENDENT — CARACAS, Monaco_votes","INDEPENDENT — CARACAS, Monaco_share","INDEPENDENT — DICKSON, Gordon John_votes","INDEPENDENT — DICKSON, Gordon John_share","INDEPENDENT — DONG, Changrong_votes","INDEPENDENT — DONG, Changrong_share","INDEPENDENT — FUIMAONO PUHI, Geoffrey Karena_votes","INDEPENDENT — FUIMAONO PUHI, Geoffrey Karena_share","INDEPENDENT — GARDNER, Jared Warren_votes","INDEPENDENT — GARDNER, Jared Warren_share","INDEPENDENT — GARDNER, Mac_votes","INDEPENDENT — GARDNER, Mac_share","INDEPENDENT — GEIRINGER, Karl Thomas_votes","INDEPENDENT — GEIRINGER, Karl Thomas_share","INDEPENDENT — GREEN, Fiona_votes","INDEPENDENT — GREEN, Fiona_share","INDEPENDENT — HOWARD, Ted_votes","INDEPENDENT — HOWARD, Ted_share","INDEPENDENT — KERR, Karin_votes","INDEPENDENT — KERR, Karin_share","INDEPENDENT — LIU, Andi Shen_votes","INDEPENDENT — LIU, Andi Shen_share","INDEPENDENT — McCASKEY, John_votes","INDEPENDENT — McCASKEY, John_share","INDEPENDENT — McDONALD, Don S_votes","INDEPENDENT — McDONALD, Don S_share","INDEPENDENT — McTAGUE, Geoff_votes","INDEPENDENT — McTAGUE, Geoff_share","INDEPENDENT — NAERA, Jonn_votes","INDEPENDENT — NAERA, Jonn_share","INDEPENDENT — NAUFAHU, Tesi_votes","INDEPENDENT — NAUFAHU, Tesi_share","INDEPENDENT — O'MALLEY, Jim_votes","INDEPENDENT — O'MALLEY, Jim_share","INDEPENDENT — PAO STANLEY, Brooke_votes","INDEPENDENT — PAO STANLEY, Brooke_share","INDEPENDENT — PARK, Sam_votes","INDEPENDENT — PARK, Sam_share","INDEPENDENT — PETROWSKI, Melanie Lorraine_votes","INDEPENDENT — PETROWSKI, Melanie Lorraine_share","INDEPENDENT — PHELPS, Patrick Sean_votes","INDEPENDENT — PHELPS, Patrick Sean_share","INDEPENDENT — PHILLIPS, Melanie_votes","INDEPENDENT — PHILLIPS, Melanie_share","INDEPENDENT — PONK, Michael_votes","INDEPENDENT — PONK, Michael_share","INDEPENDENT — RICHARDS, Don_votes","INDEPENDENT — RICHARDS, Don_share","INDEPENDENT — SHAND, Daniel_votes","INDEPENDENT — SHAND, Daniel_share","INDEPENDENT — SMITH, John Clive_votes","INDEPENDENT — SMITH, John Clive_share","INDEPENDENT — TAYLOR, Pamela_votes","INDEPENDENT — TAYLOR, Pamela_share","INDEPENDENT — THOMSON, Wiremu_votes","INDEPENDENT — THOMSON, Wiremu_share","INDEPENDENT — TOAUTU, Paturiri_votes","INDEPENDENT — TOAUTU, Paturiri_share","INDEPENDENT — WAHED, Taupo_votes","INDEPENDENT — WAHED, Taupo_share","INDEPENDENT — WAKEMAN, Peter Keith_votes","INDEPENDENT — WAKEMAN, Peter Keith_share","INDEPENDENT — WEBBER, David_votes","INDEPENDENT — WEBBER, David_share",Money Free Party NZ_votes,Money Free Party NZ_share,NAP_votes,NAP_share,New World Order McCann Party_votes,New World Order McCann Party_share,New Zealand Sovereignty Party_votes,New Zealand Sovereignty Party_share,Northland Party_votes,Northland Party_share,Progressive Aotearoa New Zealand_votes,Progressive Aotearoa New Zealand_share,Protect and Prosper New Zealand_votes,Protect and Prosper New Zealand_share,Republic of New Zealand Party_votes,Republic of New Zealand Party_share,Workers Now_votes,Workers Now_share
Auckland Central,general,28128.01870663772,796.6551593506268,0.0283224768747267,90.86494780480116,0.003230406974358227,179.7617179819598,0.00639084180996862,1.0000108408864228e-09,3.5552125136010304e-14,59.926529215706154,0.002130492369217763,12152.241357411898,0.432033321797535,3691.1682086241703,0.131227451429173,1.00001737169069e-09,3.5552357317463795e-14,10561.992822492217,0.37549721978817413,1.000010661737643e-09,3.555211876695951e-14,62.88150488734085,0.0022355468951854016,1.0000121281698585e-09,3.555217090117596e-14,1.0000203171648095e-09,3.555246203419305e-14,1.0025086486095227e-09,3.564092654606164e-14,1.0000394280888235e-09,3.555314146078948e-14,440.1712263405307,0.015648852872693023,0.0,0.0,1.0000095526791373e-09,3.555207933800018e-14,1.0000185756697537e-09,3.55524001210141e-14,8.767960625588634,0.00031171625406803177,9.999933423265631e-10,3.555150303176463e-14,1.0000165120602465e-09,3.5552326756106014e-14,1.0000133853097976e-09,3.555221559468787e-14,1.0000216873885595e-09,3.5552510748031175e-14,1.0000113889473326e-09,3.555214462052912e-14,1.0000113890418038e-09,3.5552144623887733e-14,0.0,0.0,9.999836040156986e-10,3.5551156817871427e-14,1.0000132163984405e-09,3.555220958959527e-14,0.0,0.0,9.999936485060038e-10,3.555151391697641e-14,1.0000126991742063e-09,3.555219120137391e-14,0.0,0.0,1.0000248396227735e-09,3.55526228154415e-14,64.89776541043162,0.0023072284645173705,0.0,0.0,9.999896398259153e-10,3.555137140142527e-14,1.000009509516965e-09,3.5552077803509865e-14,1.0001053837336446e-09,3.5555486298707465e-14,18.68950645544168,0.0006644444690671116,0.0,0.0,9.999925949961218e-10,3.5551476462867295e-14,1.000002128270041e-09,3.555181538734038e-14,1.0000185665945684e-09,3.555239979837548e-14,0.0,0.0,1.0000080668907414e-09,3.5552026515637844e-14,1.000018604788284e-09,3.5552401156228513e-14,1.000011389314237e-09,3.555214463357321e-14,0.0,0.0,1.0000170308300443e-09,3.555234519927484e-14,0.0,0.0,1.0000095641599985e-09,3.5552079746164763e-14,0.0,0.0,1.0000201825241797e-09,3.5552457247484425e-14,0.0,0.0,0.0,0.0,0.0,0.0,1.0000115194676595e-09,3.555214926075381e-14,0.0,0.0,1.0000200710127025e-09,3.5552453283057414e-14,1.0000037064648336e-09,3.5551871494910886e-14,0.0,0.0,1.000002560446833e-09,3.5551830751977205e-14,0.0,0.0,9.999969019866892e-10,3.555162958387494e-14
Banks Peninsula,general,40402.0,1644.0,0.040691054898272364,301.0,0.007450126231374685,0.0,0.0,374.0,0.00925696747685758,0.0,0.0,6435.0,0.15927429335181426,14816.0,0.3667145190832137,0.0,0.0,14913.0,0.3691153903272115,0.0,0.0,0.0,0.0,1337.0,0.033092421167268946,0.0,0.0,452.0,0.011187564972031088,0.0,0.0,0.0,0.0,0.0,0.0,0.0,0.0,0.0,0.0,0.0,0.0,0.0,0.0,0.0,0.0,0.0,0.0,0.0,0.0,0.0,0.0,0.0,0.0,0.0,0.0,0.0,0.0,0.0,0.0,0.0,0.0,0.0,0.0,0.0,0.0,0.0,0.0,0.0,0.0,0.0,0.0,0.0,0.0,0.0,0.0,0.0,0.0,0.0,0.0,0.0,0.0,0.0,0.0,0.0,0.0,0.0,0.0,0.0,0.0,0.0,0.0,0.0,0.0,0.0,0.0,0.0,0.0,0.0,0.0,0.0,0.0,0.0,0.0,0.0,0.0,0.0,0.0,0.0,0.0,130.0,0.0032176624919558437,0.0,0.0,0.0,0.0,0.0,0.0,0.0,0.0,0.0,0.0,0.0,0.0,0.0,0.0,0.0,0.0,0.0,0.0,0.0,0.0
Botany,general,32956.9183892267,2074.414064532869,0.06294320482375484,286.5636643496791,0.00869509888531793,9.999698420210795e-10,3.0341727652181216e-14,9.999778460699977e-10,3.03419705161779e-14,39.283574998877654,0.0011919674811501513,9.999741345630213e-10,3.034185789924774e-14,5783.952765247833,0.17550041229396468,9.99984376656768e-10,3.034216867143905e-14,23878.688947742343,0.7245425274818187,178.92818804716669,0.0054291540833398,9.99981331415257e-10,3.034207627076387e-14,203.01074191361698,0.006159882411214127,480.1665207552568,0.014569521187764283,1.0024755713777669e-09,3.0417758102816626e-14,1.00000643232882e-09,3.034283789881619e-14,9.999743036650797e-10,3.034186303025108e-14,0.0,0.0,9.999765579038285e-10,3.034193142981205e-14,9.999855805973312e-10,3.034220520217742e-14,9.999705428424558e-10,3.034174891695385e-14,9.999603480859579e-10,3.034143958109977e-14,9.999835170560717e-10,3.0342142588882235e-14,9.99980390408176e-10,3.034204771812221e-14,9.999886922137145e-10,3.034229961684164e-14,9.999783941108483e-10,3.0341987145185623e-14,9.999783942068193e-10,3.034198714809764e-14,0.0,0.0,9.999506100963941e-10,3.0341144104761576e-14,9.99980221502326e-10,3.0342042593072354e-14,0.0,0.0,9.999606542552953e-10,3.034144887108659e-14,9.999797042956962e-10,3.0342026899656364e-14,0.0,0.0,31.909921599060418,0.0009682313504618035,9.999686204358295e-10,3.034169058605642e-14,0.0,0.0,9.999566457093735e-10,3.0341327241209836e-14,9.99976514742932e-10,3.0341930120196394e-14,1.000072385796181e-09,3.0344839101312794e-14,9.999702861084412e-10,3.034174112696537e-14,0.0,0.0,9.999596007800177e-10,3.034141690586262e-14,9.99969133740832e-10,3.034170616108672e-14,9.999855715223716e-10,3.0342204926819167e-14,0.0,0.0,9.99975072166493e-10,3.0341886348614895e-14,9.99985609714128e-10,3.034220608565799e-14,9.999783944794495e-10,3.034198715636996e-14,0.0,0.0,9.9998403580943e-10,3.034215832923005e-14,0.0,0.0,9.999765693845662e-10,3.034193177816797e-14,0.0,0.0,9.99987187398838e-10,3.034225395678147e-14,0.0,0.0,0.0,0.0,0.0,0.0,9.999785246282372e-10,3.0341991105428125e-14,0.0,0.0,9.999870758915912e-10,3.034225057335692e-14,9.999707118829127e-10,3.0341754046088043e-14,0.0,0.0,9.99969565902099e-10,3.034171927400164e-14,0.0,0.0,9.99963907629445e-10,3.0341547587056066e-14
Christchurch Central,general,32293.445236931362,1086.9788117598628,0.03365942542781946,263.5504461314274,0.008161112702525354,478.1673091148454,0.01480694628914987,1.0000083838330825e-09,3.096629599276868e-14,1.0000087066643032e-09,3.0966305989572006e-14,3949.2192709217807,0.12229166761078136,14005.967517738474,0.43370929967301847,28.23332448224586,0.0008742741530085407,11283.620974685768,0.34940901758545156,1.0000082046845248e-09,3.0966290445247924e-14,1.0000118692843705e-09,3.0966403923380064e-14,1114.0628457052894,0.034498110608255174,45.21027034949795,0.0013999828763328935,1.0025061854185676e-09,3.104364300753156e-14,1.0000369709658927e-09,3.0967181222963245e-14,1.0000048413205946e-09,3.096618629519811e-14,0.0,0.0,9.327163001814613,0.0002888252688241483,1.0000161185973299e-09,3.096653550775975e-14,1.0000010803832807e-09,3.0966069833876427e-14,9.999908853161347e-10,3.0965754133056305e-14,1.0000140549924465e-09,3.0966471606095854e-14,1.0000109282490677e-09,3.096637478324664e-14,1.0000192303084514e-09,3.0966631865119534e-14,1.000008931891663e-09,3.096631296397062e-14,1.0000089319870168e-09,3.0966312966923353e-14,0.0,0.0,9.99981147028522e-10,3.0965452576887825e-14,1.0000107593389657e-09,3.0966369552770276e-14,0.0,0.0,9.999911914955271e-10,3.096576361421851e-14,1.0000102421157768e-09,3.0966353536418196e-14,0.0,0.0,1.0000223825350394e-09,3.096672947708273e-14,9.999991579185692e-10,3.0966010302764233e-14,0.0,0.0,9.999871828247821e-10,3.0965639481574385e-14,14.528489632053786,0.0004498897384735756,1.0001029264475574e-09,3.0969223602807847e-14,1.0000008236409403e-09,3.096606188358378e-14,0.0,0.0,9.999901379869945e-10,3.0965730991234965e-14,9.999996712391557e-10,3.0966026198268193e-14,1.0000161095217207e-09,3.09665352267241e-14,0.0,0.0,1.0000056098452823e-09,3.096621009336155e-14,1.0000161477157761e-09,3.096653640944261e-14,1.000008932260292e-09,3.09663129753856e-14,0.0,0.0,1.0000145737615443e-09,3.0966487670318614e-14,0.0,0.0,14.578813371301024,0.0004514480652138172,0.0,0.0,1.000017725449472e-09,3.096658526560164e-14,0.0,0.0,0.0,0.0,0.0,0.0,1.0000090624130636e-09,3.096631700570106e-14,0.0,0.0,1.0000176139359453e-09,3.096658181246971e-14,1.0000012494292967e-09,3.096607506856151e-14,0.0,0.0,1.0000001034133133e-09,3.096603958098888e-14,0.0,0.0,9.999944449675479e-10,3.096586436135146e-14
Christchurch East,general,33191.21666185999,1422.275843224853,0.042850970415290304,315.36097818278324,0.009501338302707186,659.4841605246713,0.01986923731188451,1.0000087123345589e-09,3.012871515142946e-14,1.0000090351665694e-09,3.012872487785841e-14,3595.7200539912355,0.10833348143345031,13494.734285366441,0.40657546310657644,1.000015243123479e-09,3.012891191399428e-14,11256.036883666762,0.33912697441432055,517.0044116566222,0.015576542942781359,1.000012197786579e-09,3.012882016270565e-14,1740.6000452566138,0.05244158606745912,1.0000181885934063e-09,3.012900065644556e-14,1.0025065147411925e-09,3.0203970072997425e-14,1.0000372994764228e-09,3.0129576437779856e-14,1.0000051698215394e-09,3.0128608420993644e-14,0.0,0.0,1.000007424129213e-09,3.0128676339795674e-14,1.0000164471026737e-09,3.012894818802446e-14,1.0000014088819642e-09,3.0128495109703686e-14,9.999912138109937e-10,3.012818794799057e-14,1.0000143834953588e-09,3.012888601472916e-14,1.0000112567515662e-09,3.0128791810776815e-14,1.0000195588127e-09,3.0129041939032685e-14,1.0000092603930042e-09,3.0128731663582386e-14,1.0000092604896745e-09,3.012873166649491e-14,0.0,0.0,9.99981475520848e-10,3.01278945483769e-14,1.0000110878415911e-09,3.012878672178063e-14,0.0,0.0,9.999915199897822e-10,3.01281971726837e-14,1.000010570617789e-09,3.012877113862779e-14,0.0,0.0,1.000022711041482e-09,3.012913691080832e-14,9.999994864168652e-10,3.0128437188804957e-14,0.0,0.0,9.999875113188663e-10,3.0128076397631776e-14,1.0000073809669833e-09,3.012867503938448e-14,1.0001032549796797e-09,3.0131563575037547e-14,1.0000011521392843e-09,3.012848737444401e-14,0.0,0.0,9.999904664819738e-10,3.012816543212357e-14,189.99999995000076,0.005724406004324924,1.0000164380253078e-09,3.012894791453747e-14,0.0,0.0,1.0000059383450197e-09,3.012863157541694e-14,1.0000164762190216e-09,3.0128949065254965e-14,1.0000092607619882e-09,3.01287316746993e-14,0.0,0.0,1.0000149022648673e-09,3.012890164445174e-14,0.0,0.0,1.0000074356099003e-09,3.012867668569102e-14,0.0,0.0,1.0000180539526882e-09,3.012899659992906e-14,0.0,0.0,0.0,0.0,0.0,0.0,1.0000093909134023e-09,3.012873559596002e-14,0.0,0.0,1.0000179424416382e-09,3.0128993240273664e-14,1.0000015779278494e-09,3.0128500202794636e-14,0.0,0.0,1.0000004319116426e-09,3.01284656750996e-14,0.0,0.0,9.999947734631431e-10,3.0128295194801846e-14
Coromandel,general,39560.0,2228.0,0.056319514661274016,0.0,0.0,0.0,0.0,0.0,0.0,206.0,0.005207280080889788,4036.0,0.10202224469160769,6701.0,0.16938827098078868,0.0,0.0,21865.0,0.5527047522750252,0.0,0.0,0.0,0.0,2675.0,0.06761880687563195,1849.0,0.04673913043478261,0.0,0.0,0.0,0.0,0.0,0.0,0.0,0.0,0.0,0.0,0.0,0.0,0.0,0.0,0.0,0.0,0.0,0.0,0.0,0.0,0.0,0.0,0.0,0.0,0.0,0.0,0.0,0.0,0.0,0.0,0.0,0.0,0.0,0.0,0.0,0.0,0.0,0.0,0.0,0.0,0.0,0.0,0.0,0.0,0.0,0.0,0.0,0.0,0.0,0.0,0.0,0.0,0.0,0.0,0.0,0.0,0.0,0.0,0.0,0.0,0.0,0.0,0.0,0.0,0.0,0.0,0.0,0.0,0.0,0.0,0.0,0.0,0.0,0.0,0.0,0.0,0.0,0.0,0.0,0.0,0.0,0.0,0.0,0.0,0.0,0.0,0.0,0.0,0.0,0.0,0.0,0.0,0.0,0.0,0.0,0.0,0.0,0.0,0.0,0.0,0.0,0.0,0.0,0.0
Dunedin,general,34126.0,1392.0,0.04079001347945848,0.0,0.0,383.0,0.011223114340971693,0.0,0.0,0.0,0.0,6041.0,0.17702045361308094,14566.0,0.42682998300416103,0.0,0.0,7439.0,0.21798628611615778,121.0,0.0035456836429701693,0.0,0.0,1100.0,0.03223348766336517,442.0,0.012952001406552189,0.0,0.0,0.0,0.0,1446.0,0.042372384692023674,0.0,0.0,0.0,0.0,0.0,0.0,0.0,0.0,0.0,0.0,0.0,0.0,0.0,0.0,0.0,0.0,0.0,0.0,0.0,0.0,0.0,0.0,0.0,0.0,0.0,0.0,0.0,0.0,0.0,0.0,0.0,0.0,0.0,0.0,0.0,0.0,0.0,0.0,0.0,0.0,0.0,0.0,0.0,0.0,0.0,0.0,0.0,0.0,1149.0,0.03366934302291508,0.0,0.0,0.0,0.0,0.0,0.0,0.0,0.0,0.0,0.0,0.0,0.0,0.0,0.0,0.0,0.0,0.0,0.0,47.0,0.0013772490183437847,0.0,0.0,0.0,0.0,0.0,0.0,0.0,0.0,0.0,0.0,0.0,0.0,0.0,0.0,0.0,0.0,0.0,0.0,0.0,0.0,0.0,0.0,0.0,0.0,0.0,0.0,0.0,0.0
East Cape,general,33997.44807878575,1603.1339973543375,0.047154539177153294,1.000004021445407e-09,2.941409070257261e-14,9.999914467812614e-10,2.94137208317483e-14,562.9996909145156,0.016560057378713224,265.9999398390399,0.007824114893053477,1351.9942396915956,0.03976752127272852,11855.104794638983,0.34870572541697664,1.0000059817327918e-09,2.9414148362411676e-14,15049.188223192019,0.4426564072784817,9.999992718551708e-10,2.941395099825642e-14,1.0000029364228557e-09,2.9414058787749217e-14,2198.0016227204824,0.06465195910077808,1.0000089271738313e-09,2.9414234999533164e-14,1.0024972302770822e-09,2.948742587837456e-14,912.0255705467687,0.026826294974647478,9.999959085222013e-10,2.941385206927323e-14,0.0,0.0,9.99998162809977e-10,2.941391837683168e-14,1.0000071856985819e-09,2.941418377582822e-14,9.9999214761818e-10,2.941374144614609e-14,9.999819526415642e-10,2.941344157138513e-14,1.0000051221114167e-09,2.941412307753226e-14,1.0000019953965127e-09,2.941403110842632e-14,1.0000102973808247e-09,2.9414275302763873e-14,52.99999995000028,0.0015589405365713917,58.99999995000027,0.0017354243710667216,0.0,0.0,9.999722144416742e-10,2.9413155132242185e-14,1.000001826487412e-09,2.9414026140138696e-14,0.0,0.0,9.99982258818714e-10,2.9413450577271366e-14,1.0000013092688066e-09,2.9414010926684903e-14,0.0,0.0,1.0000134495800594e-09,2.9414368021465215e-14,9.999902251702307e-10,2.9413684899315136e-14,0.0,0.0,9.999782501837257e-10,2.94133326673924e-14,9.999981196478288e-10,2.941391710726145e-14,1.0000939927724015e-09,2.941673711670305e-14,9.99991890877874e-10,2.941373389439381e-14,0.0,0.0,9.999812053198858e-10,2.9413419589685897e-14,9.999907384856901e-10,2.94136999979619e-14,1.00000717662229e-09,2.941418350885842e-14,0.0,0.0,9.999966770392207e-10,2.941387467441164e-14,1.0000072148157677e-09,2.9414184632280316e-14,86.99999995000024,0.002559015598711594,0.0,0.0,1.0000056408760523e-09,2.9414138336460943e-14,0.0,0.0,9.999981742902434e-10,2.941391871451192e-14,0.0,0.0,1.0000087925349166e-09,2.941423103926784e-14,0.0,0.0,0.0,0.0,0.0,0.0,1.0000001295761132e-09,2.941397622723656e-14,0.0,0.0,1.0000086810239326e-09,2.941422775928684e-14,9.999923166624348e-10,2.9413746418409134e-14,0.0,0.0,9.999911706578822e-10,2.941371270986284e-14,0.0,0.0,9.999855122618057e-10,2.941354627395672e-14
East Coast Bays,general,28063.488577848297,1095.2930608729132,0.039029112785980376,9.99925421474275e-10,3.563083109573051e-14,9.999128477995645e-10,3.563038305183619e-14,11.668561604862996,0.0004157915567943141,9.999211741948439e-10,3.5630679750347365e-14,68.7736659841309,0.0024506456420538133,5214.737578492332,0.18581929199666739,9.999273816070668e-10,3.5630900942099974e-14,20476.661727265106,0.7296548919947253,9.999206722587253e-10,3.563066186461241e-14,9.999243365380654e-10,3.5630792435668464e-14,9.999221385592021e-10,3.563071411401372e-14,537.1355431185897,0.019140013246342208,659.2184404683671,0.023490252775940204,9.999494360218618e-10,3.563168681783791e-14,9.999173091898752e-10,3.563054202673692e-14,0.0,0.0,9.999195633003684e-10,3.5630622348557456e-14,9.99928585479641e-10,3.563094384027961e-14,9.999135485816952e-10,3.563040802314825e-14,9.999033544061666e-10,3.5630044769110877e-14,9.99926522055155e-10,3.5630870313266734e-14,9.999233955845687e-10,3.563075890621277e-14,9.999316969175683e-10,3.563105471166749e-14,9.999213994025043e-10,3.563068777528196e-14,9.999213994979686e-10,3.563068777868369e-14,0.0,0.0,9.998936169705357e-10,3.562969779030944e-14,9.999232266898313e-10,3.563075288790408e-14,0.0,0.0,9.999036605572854e-10,3.5630055678343277e-14,9.999227095110888e-10,3.5630734459021256e-14,0.0,0.0,9.9993484886735e-10,3.563116702663407e-14,9.999116262845497e-10,3.563033952499485e-14,0.0,0.0,9.998996522393404e-10,3.5629912847991526e-14,9.999195201407844e-10,3.5630620810630914e-14,1.0000153857306876e-09,3.563403683603478e-14,9.999132918612677e-10,3.563039887530383e-14,0.0,0.0,9.999026071432603e-10,3.563001814152663e-14,9.999121395584197e-10,3.563035781473344e-14,9.999285764036044e-10,3.563094351686876e-14,0.0,0.0,9.999180776451708e-10,3.5630569409479925e-14,9.999286145944762e-10,3.5630944877742756e-14,9.999213997710863e-10,3.563068778841582e-14,0.0,0.0,9.999270407774504e-10,3.563088879715173e-14,0.0,0.0,9.9991957477936e-10,3.563062275759397e-14,0.0,0.0,9.999301921893154e-10,3.5631001092950456e-14,0.0,0.0,0.0,0.0,0.0,0.0,9.99921529911406e-10,3.5630692425769426e-14,0.0,0.0,9.99930080687291e-10,3.5630997119744345e-14,9.999137176119541e-10,3.563041404628605e-14,0.0,0.0,9.999125716969093e-10,3.5630373213335376e-14,0.0,0.0,9.999069137458223e-10,3.563017160079988e-14
Epsom,general,29669.44898007195,13796.945482321478,0.4650219655777382,1.1316783721268409,3.814288471912485e-05,5.230333083754396,0.00017628682916448664,9.999836458676141e-10,3.370415293318296e-14,3.074606126698853,0.0001036286898608724,2716.771439260493,0.09156797758816702,4381.529638915252,0.14767816017945562,9.999901764938698e-10,3.3704373046008784e-14,7040.996574551544,0.2373147064268286,9.999834667236073e-10,3.370414689518721e-14,2.1152030238437334,7.129229212394372e-05,409.2909183642377,0.013795029312446812,112.99922277344496,0.0038086053721234606,1.0024813856636223e-09,3.378833851403705e-14,1.0000122322931185e-09,3.3705116430197126e-14,1195.2646608110758,0.04028604176686591,0.0,0.0,9.999823576948452e-10,3.3704109515700894e-14,9.999913804414323e-10,3.3704413624705184e-14,9.999763425997219e-10,3.370390677869936e-14,9.999661477837218e-10,3.3703563165442276e-14,9.99989316886748e-10,3.3704344073205066e-14,0.0005584969740854799,1.8823975277080646e-08,9.99994492074178e-10,3.3704518501366283e-14,9.999841939140265e-10,3.3704171404925147e-14,9.999841940081927e-10,3.370417140809899e-14,0.0,0.0,9.99956409736889e-10,3.370323494745483e-14,9.999860213153551e-10,3.370423299694628e-14,0.0,0.0,9.999664539541824e-10,3.3703573484827063e-14,9.99985504105006e-10,3.370421556452448e-14,0.0,0.0,9.999976442238997e-10,3.370462474364007e-14,4.09866393502363,0.0001381442553171977,0.0,0.0,9.999624453843755e-10,3.370343837716768e-14,9.999823145339668e-10,3.3704108060976256e-14,1.0000781861433818e-09,3.3707339385207433e-14,9.9997608586214e-10,3.370389812543513e-14,0.0,0.0,9.99965400473436e-10,3.370353797757019e-14,9.99974933488891e-10,3.37038592850357e-14,9.99991371365784e-10,3.370441331881314e-14,0.0,0.0,9.999808719486597e-10,3.370405943906528e-14,9.999914095578462e-10,3.37044146060653e-14,9.999841942826269e-10,3.370417141734871e-14,0.0,0.0,9.999898356438155e-10,3.3704361557758545e-14,0.0,0.0,9.999823691759818e-10,3.370410990266921e-14,0.0,0.0,9.999929872521987e-10,3.370446778178668e-14,0.0,0.0,0.0,0.0,0.0,0.0,9.999843244299003e-10,3.3704175803924056e-14,0.0,0.0,9.999928757422652e-10,3.3704464023377365e-14,9.999765116402351e-10,3.370391247615985e-14,0.0,0.0,9.999753656526451e-10,3.3703873850987173e-14,0.0,0.0,9.99969707346676e-10,3.370368313945853e-14
Glendene,general,24258.151518676816,1461.1387227783887,0.06023289621443043,1.0000098731651704e-09,4.122366341043107e-14,9.999972984275107e-10,4.122314503879628e-14,149.88272789450588,0.006178654122887653,17.459442329834335,0.000719735067875719,2481.7143373950794,0.1023043464579055,10425.21775821525,0.42976142473958395,1.0000118334628095e-09,4.122374422028328e-14,8491.929474136634,0.3500649860974994,69.768404211208,0.0028760808158648015,1.0000087881365916e-09,4.122361868201976e-14,380.64610203561165,0.015691471864315173,30.520281606534333,0.001258145394262056,1.0025030965837364e-09,4.132644219869309e-14,611.5126274438683,0.0252085418368771,1.0000017601934298e-09,4.122332896731679e-14,0.0,0.0,1.0000040144942782e-09,4.122342189693868e-14,1.0000130374363086e-09,4.122379385199154e-14,9.999979992688913e-10,4.122317392976021e-14,9.999878042327063e-10,4.1222753657169485e-14,1.0000109738373251e-09,4.122370878372153e-14,1.000007847104894e-09,4.1223579889628804e-14,1.0000161491360055e-09,4.1223922126386006e-14,1.000005850753054e-09,4.1223497593505026e-14,1.0000058508472175e-09,4.122349759738675e-14,0.0,0.0,9.999780659755791e-10,4.1222352214498985e-14,1.0000076781940517e-09,4.1223572926573843e-14,0.0,0.0,9.99988110409419e-10,4.122276627877063e-14,1.0000071609731336e-09,4.122355160504332e-14,0.0,0.0,1.0000193013545556e-09,4.122405207109955e-14,9.999960768083168e-10,4.122309467967502e-14,0.0,0.0,9.99984101752685e-10,4.1222601028886236e-14,1.0000039713328067e-09,4.122342011768228e-14,1.000099845019023e-09,4.12273723432318e-14,9.999977425255598e-10,4.122316334596403e-14,0.0,0.0,9.999870569055286e-10,4.122272284990962e-14,9.999965901277264e-10,4.122311584037266e-14,1.0000130283605657e-09,4.1223793477859863e-14,0.0,0.0,138.36164059189383,0.005703717386931422,1.0000130665544687e-09,4.122379505233692e-14,1.0000058511213962e-09,4.122349760868929e-14,0.0,0.0,1.0000114926052254e-09,4.1223730169023695e-14,0.0,0.0,1.0000040259758507e-09,4.122342237024649e-14,0.0,0.0,1.0000146442810333e-09,4.1223860091363635e-14,0.0,0.0,0.0,0.0,0.0,0.0,1.0000059812726867e-09,4.122350297394931e-14,0.0,0.0,1.000014532770115e-09,4.1223855494520456e-14,9.999981683136329e-10,4.122318089833494e-14,0.0,0.0,9.999970223014727e-10,4.122313365598182e-14,0.0,0.0,9.999913638717816e-10,4.1222900397083804e-14
Hamilton East,general,29205.0,1306.0,0.04471837014209896,231.0,0.007909604519774011,0.0,0.0,0.0,0.0,0.0,0.0,0.0,0.0,10331.0,0.3537407978085944,0.0,0.0,14308.0,0.4899161102550933,0.0,0.0,0.0,0.0,971.0,0.033247731552816295,377.0,0.012908748501968841,0.0,0.0,771.0,0.026399589111453518,868.0,0.029720938195514468,0.0,0.0,0.0,0.0,0.0,0.0,0.0,0.0,0.0,0.0,0.0,0.0,0.0,0.0,0.0,0.0,0.0,0.0,0.0,0.0,0.0,0.0,0.0,0.0,0.0,0.0,0.0,0.0,0.0,0.0,0.0,0.0,0.0,0.0,0.0,0.0,0.0,0.0,0.0,0.0,0.0,0.0,0.0,0.0,0.0,0.0,0.0,0.0,0.0,0.0,0.0,0.0,0.0,0.0,0.0,0.0,0.0,0.0,0.0,0.0,0.0,0.0,0.0,0.0,0.0,0.0,0.0,0.0,0.0,0.0,0.0,0.0,0.0,0.0,0.0,0.0,0.0,0.0,0.0,0.0,0.0,0.0,0.0,0.0,16.0,0.0005478513953090224,0.0,0.0,0.0,0.0,0.0,0.0,0.0,0.0,26.0,0.0008902585173771614,0.0,0.0
Hamilton West,general,30357.0,1780.0,0.05863557004974141,263.0,0.008663570181506737,0.0,0.0,0.0,0.0,252.0,0.00830121553513193,2355.0,0.0775768356556972,9160.0,0.3017425964357479,0.0,0.0,14300.0,0.47106104028724843,0.0,0.0,0.0,0.0,1436.0,0.047303752017656554,0.0,0.0,0.0,0.0,0.0,0.0,811.0,0.026715419837269824,0.0,0.0,0.0,0.0,0.0,0.0,0.0,0.0,0.0,0.0,0.0,0.0,0.0,0.0,0.0,0.0,0.0,0.0,0.0,0.0,0.0,0.0,0.0,0.0,0.0,0.0,0.0,0.0,0.0,0.0,0.0,0.0,0.0,0.0,0.0,0.0,0.0,0.0,0.0,0.0,0.0,0.0,0.0,0.0,0.0,0.0,0.0,0.0,0.0,0.0,0.0,0.0,0.0,0.0,0.0,0.0,0.0,0.0,0.0,0.0,0.0,0.0,0.0,0.0,0.0,0.0,0.0,0.0,0.0,0.0,0.0,0.0,0.0,0.0,0.0,0.0,0.0,0.0,0.0,0.0,0.0,0.0,0.0,0.0,0.0,0.0,0.0,0.0,0.0,0.0,0.0,0.0,0.0,0.0,0.0,0.0,0.0,0.0
Henderson,general,23955.107799562567,1581.5291708316702,0.06602054075751435,1.0000058139470338e-09,4.1744993273012716e-14,9.999932392601138e-10,4.1744468345843725e-14,31.068528129783108,0.0012969479573934723,20.894344825144994,0.0008722292130752397,1908.9875582468949,0.07969020946262467,9722.047787813497,0.4058444599439885,1.0000077742366484e-09,4.174507510481372e-14,9540.393066210996,0.39826132890060334,13.471078389679846,0.0005623468073028599,1.0000047289236249e-09,4.174494797898115e-14,268.1676174874647,0.011194590303298974,34.3981473064649,0.0014359420794212844,1.002499027246479e-09,4.184907184031896e-14,522.4332749094636,0.02180884675121368,74.4115522355772,0.003106291687693261,0.0,0.0,9.99999955300779e-10,4.174474870528612e-14,1.0000089782054707e-09,4.1745125364191905e-14,9.999939400981042e-10,4.174449760215083e-14,9.99983745103633e-10,4.1744072014649557e-14,1.0000069146148756e-09,4.1745039220117236e-14,1.0000037878942765e-09,4.174490869594572e-14,1.0000120898936326e-09,4.174525526083808e-14,1.0000017915507632e-09,4.17448253590837e-14,1.0000017916471072e-09,4.174482536310556e-14,0.0,0.0,9.999740068862193e-10,4.174366549519261e-14,1.0000036189849984e-09,4.174490164487003e-14,0.0,0.0,9.999840512798363e-10,4.174408479589879e-14,1.0000031017655471e-09,4.174488005367305e-14,0.0,0.0,1.0000152420980809e-09,4.174538684882652e-14,9.999920176471603e-10,4.174441734991569e-14,0.0,0.0,9.999800426398759e-10,4.1743917456223514e-14,9.999999121388732e-10,4.174474690350313e-14,1.000095785435069e-09,4.1748749110339265e-14,9.99993683357344e-10,4.174448688457183e-14,0.0,0.0,9.99982997780194e-10,4.1744040817819e-14,9.999925309634403e-10,4.174443877817576e-14,1.0000089691294878e-09,4.1745124985317266e-14,0.0,0.0,228.63835935910683,0.009544451282464355,1.0000090073229138e-09,4.17451265796923e-14,1.000001791919374e-09,4.1744825374471265e-14,0.0,0.0,1.000007433381005e-09,4.174506087587991e-14,0.0,0.0,9.999999667814013e-10,4.174474918454184e-14,0.0,0.0,1.0000105850442378e-09,4.174519244127545e-14,0.0,0.0,0.0,0.0,0.0,0.0,1.0000019220702798e-09,4.1744830807588364e-14,0.0,0.0,8.667313780820802,0.00036181485190306975,9.999941091431533e-10,4.174450465889424e-14,0.0,0.0,9.999929631358975e-10,4.174445681910719e-14,0.0,0.0,9.999873047299926e-10,4.174422061036406e-14
Hutt South,general,36164.306768834715,465.1820500258707,0.012863015818313716,1.0000061835028724e-09,2.7651744851491165e-14,9.999936088114785e-10,2.765139714148322e-14,1.0000016130501838e-09,2.7651618471281036e-14,141.51289576154414,0.00391305429041144,1772.700764854553,0.04901796614506688,15179.100103362478,0.4197260077564478,1.0000081437931497e-09,2.765179905660257e-14,16422.781180223505,0.4541157469213858,1.0000014339025265e-09,2.7651613517566355e-14,1.0000050984778696e-09,2.765171484884215e-14,1011.8634407379288,0.027979616675797077,313.9877325266409,0.008682254979576323,1.0024993977236325e-09,2.772068614868502e-14,1.0000301999894203e-09,2.7652408945142994e-14,855.8077346878431,0.023664430792445103,0.0,0.0,1.0000003248543076e-09,2.765158285063761e-14,1.0000093477622915e-09,2.765183234824423e-14,9.999943096498443e-10,2.765141652076706e-14,9.99984114651254e-10,2.7651134613010457e-14,1.0000072841711325e-09,2.7651775286700862e-14,1.000004157449787e-09,2.7651688827934615e-14,1.0000124594517293e-09,2.7651918391354573e-14,1.000002161105054e-09,2.765163362586076e-14,1.0000021612003416e-09,2.7651633628495616e-14,0.0,0.0,9.999743764301839e-10,2.7650865335871196e-14,1.0000039885402976e-09,2.765168415732139e-14,0.0,0.0,9.99984420827817e-10,2.7651143079274308e-14,1.0000034713202593e-09,2.7651669855373293e-14,0.0,0.0,1.0000156116572083e-09,2.7652005554797222e-14,9.999923871976933e-10,2.76513633619394e-14,0.0,0.0,9.99980412185411e-10,2.7651032234002708e-14,1.0000002816924687e-09,2.7651581657144832e-14,1.0000961550245373e-09,2.765423270566849e-14,9.999940529089833e-10,2.765140942147818e-14,0.0,0.0,9.999833673275389e-10,2.7651113948333548e-14,9.999929005153125e-10,2.7651377555979465e-14,1.0000093386864958e-09,2.7651832097284194e-14,0.0,0.0,9.999988390807005e-10,2.7651541766658962e-14,1.0000093768800731e-09,2.765183315339672e-14,1.000002161473663e-09,2.7651633636053383e-14,0.0,0.0,1.000007802938091e-09,2.7651789631423735e-14,0.0,0.0,1.0000003363349984e-09,2.7651583168096777e-14,0.0,0.0,1.000010954601986e-09,2.7651876779890737e-14,0.0,0.0,0.0,0.0,0.0,0.0,1.0000022916259525e-09,2.765163723496903e-14,0.0,0.0,1.0000108430907504e-09,2.7651873696429566e-14,9.999944786955472e-10,2.7651421195146802e-14,0.0,0.0,1.3708666143458086,3.7906619449627585e-05,0.0,0.0,9.999876742781313e-10,2.7651233042295998e-14
Ilam,general,33689.84748399857,8.240735613495076,0.00024460590441702414,4.096219170821109,0.00012158615953268002,306.56934214391265,0.009099754526627694,244.00130242132747,0.007242576640847633,1.0000056606219e-09,2.9682700733414295e-14,1584.3894348253234,0.04702869122746399,7486.49897372272,0.2222182506845283,1.000011868560287e-09,2.968288500074853e-14,15374.669720571772,0.45635913691429353,230.00118648797982,0.006827017741686776,1.0000088232336646e-09,2.9682794607741447e-14,22.365436488597734,0.0006638628001869254,1.0000148140187731e-09,2.96829724294164e-14,1.0025031317683762e-09,2.9756832002416395e-14,1.0000339248387109e-09,2.968353968695435e-14,8429.015132513618,0.25019451739925763,0.0,0.0,1.0000040495914968e-09,2.968265291395165e-14,1.000013072533405e-09,2.968292073772e-14,9.999980343649415e-10,2.968247436679265e-14,9.999878393273583e-10,2.9682171752256087e-14,1.0000110089344879e-09,2.968285948487763e-14,1.0000078822018229e-09,2.968276667553302e-14,1.000016184233248e-09,2.968301310085237e-14,1.000005885849766e-09,2.9682707418747795e-14,1.000005885944336e-09,2.9682707421554865e-14,0.0,0.0,9.999781010702713e-10,2.968188269612155e-14,1.0000077132911778e-09,2.9682761661837274e-14,0.0,0.0,9.999881455063926e-10,2.968218084042529e-14,1.0000071960700118e-09,2.9682746309403096e-14,0.0,0.0,1.000019336452239e-09,2.968310666669569e-14,9.999961119054245e-10,2.968241730332515e-14,0.0,0.0,9.999841368492566e-10,2.968206185332872e-14,1.0000040064300257e-09,2.968265163280987e-14,1.0000998801186123e-09,2.9685497406707546e-14,9.99997777622779e-10,2.9682466746035013e-14,0.0,0.0,9.999870920023899e-10,2.968214956975827e-14,9.999966252246687e-10,2.9682432539940406e-14,1.0000130634580845e-09,2.96829204683415e-14,0.0,0.0,1.000002563812454e-09,2.968260881226661e-14,1.000013101651538e-09,2.968292160201993e-14,1.000005886217636e-09,2.9682707429667107e-14,0.0,0.0,1.0000115277024444e-09,2.968287488322447e-14,0.0,0.0,1.0000040610730548e-09,2.9682653254753366e-14,0.0,0.0,1.000014679378284e-09,2.968296843294568e-14,0.0,0.0,0.0,0.0,0.0,0.0,1.0000060163699582e-09,2.9682711292917664e-14,0.0,0.0,1.0000145678672575e-09,2.968296512301599e-14,9.999982034106895e-10,2.9682479384498594e-14,0.0,0.0,9.999970573984318e-10,2.968244536795227e-14,0.0,0.0,9.99991398968875e-10,2.968227741143185e-14
Invercargill,general,32840.21786906962,1709.8143671492824,0.052064647499176976,9.999943154380174e-10,3.0450294800871486e-14,875.3210148004965,0.02665393446201564,9.999897450394319e-10,3.0450155630096075e-14,269.12954724402834,0.00819512063887696,7.009284925805608,0.00021343600562428867,9676.736310493956,0.2946611483844003,9.999962757048918e-10,3.0450354491915017e-14,18783.76021683229,0.5719742874947146,9.999895658936624e-10,3.045015017502357e-14,9.999932304263319e-10,3.045026176175799e-14,9.999910322951717e-10,3.0450194827635655e-14,1518.447127581757,0.046237425513912266,1.0024875000697886e-09,3.052621343946613e-14,1.0000183316394005e-09,3.045102610544074e-14,9.99986202593356e-10,3.045004776095556e-14,0.0,0.0,9.999884568598116e-10,3.04501164044239e-14,9.9999747966099e-10,3.0450391152941536e-14,9.999824417257717e-10,3.0449933240777916e-14,9.99972246848178e-10,3.044962280198501e-14,9.999954160930776e-10,3.045032831633306e-14,9.999922894092988e-10,3.0450233107349026e-14,1.0000005913122565e-09,3.0450485904178536e-14,9.999902930877987e-10,3.0450172318425275e-14,9.999902931837994e-10,3.045017232134854e-14,0.0,0.0,9.999625087427355e-10,3.044932627211785e-14,9.999921205016568e-10,3.04502279640323e-14,0.0,0.0,9.999725530225188e-10,3.044963212513695e-14,9.999916032874768e-10,3.045021221461851e-14,0.0,0.0,1.0000037434804571e-09,3.045058188917514e-14,9.999805192964803e-10,3.044987470190649e-14,0.0,0.0,9.999685444262727e-10,3.044951006150565e-14,9.99988413698392e-10,3.045011509013848e-14,1.0000842858916745e-09,3.045303444328238e-14,9.999821849882675e-10,3.044992542300078e-14,0.0,0.0,9.999714995333319e-10,3.044960004589828e-14,9.999810326069579e-10,3.0449890332450705e-14,9.999974705840668e-10,3.0450390876544977e-14,0.0,0.0,9.999869711029185e-10,3.045007116243132e-14,9.999975087769387e-10,3.04503920395358e-14,9.999902934564038e-10,3.045017232964947e-14,0.0,0.0,9.999959348540128e-10,3.045034411284627e-14,0.0,0.0,9.999884683394012e-10,3.0450116753982774e-14,0.0,0.0,9.99999086481359e-10,3.04504400813736e-14,0.0,0.0,0.0,0.0,0.0,0.0,9.999904236058145e-10,3.0450176292759925e-14,0.0,0.0,9.999989749706057e-10,3.045043668581899e-14,9.999826107684513e-10,3.04499383882066e-14,0.0,0.0,9.999814647743372e-10,3.0449903492149617e-14,0.0,0.0,9.999758064328066e-10,3.0449731193002485e-14
Kaikōura,general,35716.0,2190.0,0.0613170567812745,0.0,0.0,0.0,0.0,433.0,0.012123418075932355,0.0,0.0,1949.0,0.05456938066972785,8029.0,0.224801209541942,0.0,0.0,18076.0,0.506103707022063,190.0,0.005319744652256692,0.0,0.0,3879.0,0.10860678687423003,717.0,0.020075036398252883,0.0,0.0,0.0,0.0,0.0,0.0,0.0,0.0,0.0,0.0,0.0,0.0,0.0,0.0,0.0,0.0,0.0,0.0,0.0,0.0,0.0,0.0,0.0,0.0,0.0,0.0,0.0,0.0,0.0,0.0,0.0,0.0,0.0,0.0,0.0,0.0,0.0,0.0,94.0,0.0026318736700638367,0.0,0.0,0.0,0.0,124.0,0.003471833351999104,0.0,0.0,0.0,0.0,0.0,0.0,0.0,0.0,0.0,0.0,0.0,0.0,0.0,0.0,0.0,0.0,0.0,0.0,0.0,0.0,0.0,0.0,0.0,0.0,0.0,0.0,0.0,0.0,0.0,0.0,0.0,0.0,0.0,0.0,0.0,0.0,0.0,0.0,0.0,0.0,35.0,0.0009799529622578117,0.0,0.0,0.0,0.0,0.0,0.0,0.0,0.0,0.0,0.0,0.0,0.0,0.0,0.0,0.0,0.0
Kaipara ki Mahurangi,general,33792.19564029341,1893.8143056711476,0.056042949260538315,9.99993650229398e-10,2.9592443796017135e-14,9.999810756957346e-10,2.9592071682473605e-14,990.5589210876344,0.02931324533131265,9.999894026592364e-10,2.9592318099237713e-14,2957.180342534891,0.08751074875433028,5933.046882815162,0.1755744712764585,9.999956104944902e-10,2.959250180542005e-14,20148.057923063207,0.5962340576366368,9.999889006869076e-10,2.959230324455546e-14,9.999925652170527e-10,2.959241168764641e-14,1869.5320101029058,0.05532437223089755,0.005254976460796915,1.5550858300935452e-07,1.0024868332017954e-09,2.966622364148609e-14,1.0000176664143263e-09,2.9593154498132615e-14,9.999855373890348e-10,2.9592203715720206e-14,0.0,0.0,9.999877916544742e-10,2.9592270425367114e-14,9.999968144495428e-10,2.959253743361851e-14,9.999817765242853e-10,2.959209242183479e-14,9.999715816535355e-10,2.959179072877944e-14,9.999947508832687e-10,2.959247636726176e-14,9.999916242000294e-10,2.959238384047621e-14,9.999999260981472e-10,2.9592629515489644e-14,9.999896278821062e-10,2.959232476417515e-14,9.999896279775608e-10,2.9592324766999905e-14,0.0,0.0,9.9996184355554e-10,2.959150255283198e-14,9.999914552931083e-10,2.959237884207591e-14,0.0,0.0,9.999718878272717e-10,2.959179978926605e-14,9.999909380810942e-10,2.959236353641126e-14,0.0,0.0,1.0000030782644375e-09,2.9592722796385735e-14,9.99979854095828e-10,2.9592035532117487e-14,0.0,0.0,9.999678792343847e-10,2.9591681164453104e-14,9.999877484930917e-10,2.959226914810822e-14,1.0000836206233527e-09,2.959510625674956e-14,9.999815197876727e-10,2.959208482432277e-14,0.0,0.0,9.999708343386783e-10,2.95917686137661e-14,9.999803674066183e-10,2.959205072233465e-14,9.999968053726138e-10,2.959253716500829e-14,0.0,0.0,9.999863058994565e-10,2.959222645796608e-14,9.999968435664575e-10,2.959253829526464e-14,9.999896282507256e-10,2.959232477508357e-14,0.0,0.0,9.99995269643388e-10,2.959249171873892e-14,0.0,0.0,9.999878031350167e-10,2.959227076510658e-14,0.0,0.0,9.999984212675774e-10,2.959258498359282e-14,0.0,0.0,0.0,0.0,0.0,0.0,9.99989758400051e-10,2.959232862654463e-14,0.0,0.0,9.999983097592147e-10,2.959258168376691e-14,9.999819455672128e-10,2.959209742425989e-14,0.0,0.0,9.999807995741777e-10,2.959206351131007e-14,0.0,0.0,9.999751412367431e-10,2.959189606621432e-14
Kapiti,general,35610.9943517914,981.798900954993,0.02757010633446701,1.0000030396810073e-09,2.8081300673669686e-14,9.999904650302809e-10,2.808094756219512e-14,9.999984692438784e-10,2.8081172330240584e-14,9.999987920718799e-10,2.8081181395643204e-14,2775.8020187476677,0.07794789416229912,13241.039982394595,0.3718244947498499,1.000004999966107e-09,2.8081355720857657e-14,17193.96992716789,0.4828275716570367,9.999982900967263e-10,2.808116729957083e-14,1.0000019546609142e-09,2.8081270204986832e-14,574.1390669534022,0.016122522760292437,753.7764472523531,0.021166958715221458,1.0024962460649406e-09,2.8151312938963477e-14,1.0000270560930012e-09,2.8081975083706002e-14,9.999949267662644e-10,2.8081072853163953e-14,0.0,0.0,9.999971810521162e-10,2.808113615625034e-14,1.0000062039314265e-09,2.808138952966702e-14,9.99991165866559e-10,2.8080967242529547e-14,9.999809708998702e-10,2.8080680955474822e-14,1.0000041403469079e-09,2.8081331581705832e-14,1.0000010136352322e-09,2.8081243779842037e-14,1.0000093156112967e-09,2.808147690941945e-14,9.999990172971715e-10,2.808118772024311e-14,9.999990173910616e-10,2.808118772287966e-14,0.0,0.0,9.999712327096215e-10,2.8080407495257663e-14,1.0000008447264952e-09,2.8081239036679425e-14,0.0,0.0,9.999812770745596e-10,2.80806895532322e-14,1.0000003275081305e-09,2.808122451255916e-14,0.0,0.0,1.0000124678068398e-09,2.8081565426901215e-14,9.999892434199477e-10,2.8080913257892323e-14,0.0,0.0,9.99977268445757e-10,2.808057698606367e-14,9.999971378903482e-10,2.8081134944215442e-14,1.0000930109194129e-09,2.8083827175387578e-14,9.99990909126445e-10,2.8080960032955128e-14,0.0,0.0,9.999802235786313e-10,2.80806599697862e-14,9.999897567353704e-10,2.808092767241323e-14,1.0000061948559017e-09,2.8081389274815257e-14,0.0,0.0,9.999956952831239e-10,2.8081094434051358e-14,1.0000062330493832e-09,2.8081390347334634e-14,9.999990176659983e-10,2.8081187730600217e-14,0.0,0.0,1.0000046591101294e-09,2.8081346149207552e-14,0.0,0.0,9.99997192532911e-10,2.808113647864501e-14,0.0,0.0,1.000007810766147e-09,2.8081434651538784e-14,0.0,0.0,0.0,0.0,0.0,0.0,62.79407414177092,0.0017633339165271605,0.0,0.0,1.0000076992553373e-09,2.8081431520179728e-14,9.999913349106048e-10,2.8080971989491793e-14,0.0,0.0,27.67393413772341,0.0007771177031548203,0.0,0.0,9.999845305158292e-10,2.808078091381701e-14
Kenepuru,general,44092.946571286164,1003.0005026158303,0.02274741382942631,1.0000137945782522e-09,2.2679677189672617e-14,1.0000012197917131e-09,2.2679392001507232e-14,1.0000092240916694e-09,2.2679573533942203e-14,120.56442915908812,0.002734324615030402,3590.1784346969916,0.08142296475679303,21505.34343168321,0.4877275188881965,1.0000157548840725e-09,2.2679721648162527e-14,15107.496069417899,0.342628407584266,1.0000090449420785e-09,2.2679569470943362e-14,1.0000127095454577e-09,2.2679652581818552e-14,983.8711349766721,0.022313571931193647,222.25116012040505,0.005040515034781948,1.0025070277758847e-09,2.273622213373984e-14,1.0000378112475442e-09,2.268022187246566e-14,1387.3275089503452,0.03146370603079153,0.0,0.0,1.000007935885763e-09,2.2679544318251112e-14,1.0000169588623637e-09,2.2679748953624848e-14,1.0000019206343972e-09,2.2679407896173807e-14,9.999917255592271e-10,2.2679176678349578e-14,1.0000148952546326e-09,2.2679702152313265e-14,1.0000117685090654e-09,2.2679631239711357e-14,1.0000200705754687e-09,2.2679819525300068e-14,1.0000097721504625e-09,2.2679585963567254e-14,1.0000097722446852e-09,2.2679585965704165e-14,0.0,0.0,9.99981987263433e-10,2.267895581999124e-14,1.0000115995992676e-09,2.2679627408944514e-14,0.0,0.0,9.999920317381781e-10,2.267918362229356e-14,1.0000110823755978e-09,2.267961567864046e-14,0.0,0.0,1.000023222805062e-09,2.2679891015863493e-14,9.999999981691636e-10,2.2679364295884347e-14,0.0,0.0,9.999880230653401e-10,2.2679092708141758e-14,1.0000078927235501e-09,2.2679543339359563e-14,1.0001037667854607e-09,2.2681717702140136e-14,1.0000016638926183e-09,2.2679402073433463e-14,0.0,0.0,9.999909782298246e-10,2.267915972939378e-14,1.0000005114896016e-09,2.2679375937665584e-14,1.0000169497865101e-09,2.267974874779026e-14,0.0,0.0,1.0000064501009744e-09,2.2679510621596564e-14,1.0000169879806084e-09,2.2679749614008127e-14,1.000009772519196e-09,2.2679585971929896e-14,0.0,0.0,1.0000154140252706e-09,2.267971391770157e-14,0.0,0.0,1.0000079473665288e-09,2.2679544578627582e-14,0.0,0.0,1.0000185657146836e-09,2.2679785396014045e-14,0.0,0.0,0.0,0.0,0.0,0.0,25.944766280315726,0.0005884108071201405,0.0,0.0,1.0000184542014025e-09,2.2679782866963716e-14,1.0000020896813995e-09,2.2679411730052363e-14,0.0,0.0,146.9691333464066,0.0033331665215160424,0.0,0.0,9.999952852135495e-10,2.267925740904687e-14
Manurewa,general,20261.052420132462,30.67637984017222,0.0015140565852191632,10.978330396649024,0.000541844034998911,1.0000016558922014e-09,4.935585946653721e-14,1.0000096601971453e-09,4.935625452523297e-14,742.3696758068687,0.03664023271906698,1.000005948572835e-09,4.935607133512846e-14,11892.789092476316,0.5869778551413749,1.00001619099108e-09,4.935657685764687e-14,6597.666676114564,0.3256329700602705,1.0000094810470786e-09,4.93562456831421e-14,1.0000131456530337e-09,4.935642655261912e-14,1.0000109474778048e-09,4.9356318059971084e-14,1.0000191364629742e-09,4.9356722233703016e-14,1.0025074649698835e-09,4.947953562243088e-14,986.5722654548887,0.04869304145694712,1.0000061176798054e-09,4.935607968153451e-14,0.0,0.0,1.0000083719902724e-09,4.935619094478087e-14,1.0000173949709946e-09,4.9356636281011935e-14,1.000002356737566e-09,4.935589405730525e-14,9.999921616575038e-10,4.935539087119967e-14,1.000015331363016e-09,4.93565344300352e-14,1.0000122046169942e-09,4.935638010705351e-14,1.0000205066852586e-09,4.935678986208954e-14,1.0000102082558213e-09,4.9356281575095173e-14,1.0000102083501716e-09,4.93562815797519e-14,0.0,0.0,9.999824233573982e-10,4.935491022982411e-14,1.000012035705324e-09,4.935637177028666e-14,0.0,0.0,9.999924678360916e-10,4.9355405982882e-14,1.0000115184814772e-09,4.9356346242301434e-14,0.0,0.0,1.000023658915876e-09,4.935694544288327e-14,1.000000434270153e-09,4.9355799172430904e-14,0.0,0.0,9.999884591611058e-10,4.9355208131610375e-14,1.0000083288286185e-09,4.935618881450388e-14,1.0001042029313558e-09,4.9360920755409475e-14,1.0000020999940934e-09,4.9355881385531484e-14,0.0,0.0,9.9999141432675e-10,4.9355353986109094e-14,1.0000009475906584e-09,4.935582450776368e-14,1.000017385894875e-09,4.9356635833053e-14,0.0,0.0,1.0000068862034843e-09,4.9356117612618394e-14,1.0000174240879674e-09,4.9356637718102774e-14,1.0000102086247577e-09,4.935628159330432e-14,0.0,0.0,1.000015850132043e-09,4.9356560034284e-14,0.0,0.0,1.0000083834717585e-09,4.9356191511458544e-14,0.0,0.0,1.0000190018225365e-09,4.93567155884195e-14,0.0,0.0,0.0,0.0,0.0,0.0,1.0000103387758796e-09,4.935628801701416e-14,0.0,0.0,1.0000188903111231e-09,4.9356710084686966e-14,1.000002525782543e-09,4.935590240065157e-14,0.0,0.0,1.0000013797655975e-09,4.935584583809392e-14,0.0,0.0,9.999957213112242e-10,4.9355566560677525e-14
Maungakiekie,general,27620.043801871,1017.3492333644135,0.036833729905073415,1.0000025788097038e-09,3.6205684030883506e-14,9.999900041640336e-10,3.620522875840963e-14,9.99998008373885e-10,3.6205518555555094e-14,133.461238828636,0.004832042982480543,2157.248058631024,0.07810444017054348,10197.971900746128,0.3692235962368499,1.0000045390930753e-09,3.620575500410084e-14,13295.93803283321,0.4813872899047515,9.999978292266477e-10,3.620551206942355e-14,1.0000014937892572e-09,3.6205644747077353e-14,647.7018964772348,0.023450429735863018,1.000007484530921e-09,3.62058616454178e-14,1.002495784043656e-09,3.629595199902421e-14,1.0000265952100968e-09,3.620655355884534e-14,9.999944658985513e-10,3.620539029814323e-14,0.0,0.0,9.999967201816387e-10,3.6205471915793925e-14,1.0000057430581829e-09,3.62057985943687e-14,9.999907049999087e-10,3.6205254132586447e-14,9.99980510038046e-10,3.620488501797042e-14,1.000003679474407e-09,3.620572388109921e-14,152.99939640000224,0.005539433517829467,1.0000088547356797e-09,3.6205911254490424e-14,9.999985564267947e-10,3.6205538398134407e-14,9.999985565224494e-10,3.620553840159764e-14,0.0,0.0,9.9997077185242e-10,3.620453244120783e-14,1.0000003838551246e-09,3.6205604561256485e-14,0.0,0.0,9.999808162130288e-10,3.620489610321651e-14,9.999998666372973e-10,3.6205585835079544e-14,0.0,0.0,1.0000120069305828e-09,3.6206025381568777e-14,9.999887825538427e-10,3.620518452929111e-14,0.0,0.0,9.999768075853408e-10,3.620475096848332e-14,9.999966770201734e-10,3.620547035310758e-14,1.0000925500073751e-09,3.6208941491237903e-14,9.99990448259954e-10,3.6205244837164735e-14,0.0,0.0,9.999797627170328e-10,3.6204857960771717e-14,9.999892958692542e-10,3.620520311417878e-14,1.000005733981476e-09,3.620579826574116e-14,0.0,0.0,9.999952344148485e-10,3.62054181227297e-14,1.0000057721753985e-09,3.620579964857469e-14,9.999985567954033e-10,3.6205538411480097e-14,0.0,0.0,1.0000041982383617e-09,3.62057426632546e-14,0.0,0.0,9.999967316633018e-10,3.620547233149432e-14,0.0,0.0,1.0000073498928465e-09,3.620585677076679e-14,0.0,0.0,0.0,0.0,0.0,0.0,9.999986869458736e-10,3.620554312365475e-14,0.0,0.0,1.0000072383815711e-09,3.62058527334352e-14,9.99990874043965e-10,3.620526025292635e-14,0.0,0.0,9.999897280403368e-10,3.620521876118809e-14,0.0,0.0,17.374044549352067,0.0006290375451242093
Mt Albert,general,31762.848959828938,1376.7021157170404,0.04334315594480146,0.004760874409395188,1.4988814181676063e-07,0.008331425450665786,2.62300949804682e-07,4.75410917150769,0.0001496751496542486,0.0023786523715832266,7.488787843280532e-08,5307.079884944564,0.16708450465688784,12543.415271559035,0.39490838140567697,1.000013326885263e-09,3.148374152929413e-14,11644.531117853297,0.3666085221946039,6.369259704582445,0.0002005254538923056,0.004165760588286812,1.3115198178712892e-07,35.33222431312492,0.0011123757934248981,1.0000162723499911e-09,3.148383426230847e-14,1.002504593728181e-09,3.1562174885384714e-14,26.553491957188452,0.0008359921363090302,676.545744435257,0.02129990748912029,0.0,0.0,1.0000055079058816e-09,3.1483495361848904e-14,1.000014530861112e-09,3.14837794344534e-14,61.23203932541201,0.0019277880080232508,9.99989297619714e-10,3.148298500819051e-14,1.0000124672589186e-09,3.1483714465401166e-14,1.0000093405214076e-09,3.148361602531744e-14,1.0000176425663192e-09,3.148387740127027e-14,1.000007344166309e-09,3.148355317342713e-14,1.000007344261866e-09,3.148355317643558e-14,0.0,0.0,9.999795593482483e-10,3.148267841505467e-14,1.0000091716106234e-09,3.148361070744483e-14,0.0,0.0,9.999896037982073e-10,3.148299464770659e-14,1.0000086543890763e-09,3.148359442359235e-14,0.0,0.0,1.00002079478887e-09,3.148397664370771e-14,0.0035706065454947523,1.1241455544528025e-07,0.0,0.0,9.999855951342042e-10,3.148286844164717e-14,1.0000054647439952e-09,3.1483494002969333e-14,1.0001013385730221e-09,3.1486512429595616e-14,80.310493495559,0.002528441123059495,0.0,0.0,9.999885502916479e-10,3.14829614798204e-14,9.999980835281807e-10,3.148326161777543e-14,1.0000145217857388e-09,3.1483779148730507e-14,0.0,0.0,1.0000040221250534e-09,3.1483448584532734e-14,1.000014559979781e-09,3.148378035120583e-14,1.0000073445351059e-09,3.1483553185038085e-14,0.0,0.0,1.0000129860287622e-09,3.148373079799917e-14,0.0,0.0,1.000005519387059e-09,3.148349572331451e-14,0.0,0.0,1.0000161377095015e-09,3.148383002337858e-14,0.0,0.0,0.0,0.0,0.0,0.0,1.0000074746874977e-09,3.148355728266774e-14,0.0,0.0,1.0000160261985138e-09,3.148382651264226e-14,9.999996617160656e-10,3.1483311304372715e-14,0.0,0.0,9.999985157022269e-10,3.148327522405007e-14,0.0,0.0,9.999928572640663e-10,3.14830970776197e-14
Mt Maunganui,general,36135.087555714825,3391.848705856985,0.09386579458614203,281.4162151803218,0.007787893546581855,9.99982991652928e-10,2.7673462534471677e-14,9.999909958052382e-10,2.767368404084821e-14,18.43072075394848,0.000510050535384233,2947.1002720436904,0.08155785612805583,6528.108388962367,0.18065843562429493,371.61214874609345,0.010283969789006983,19095.30532192261,0.5284422043389418,8.430803335567147,0.00023331348851910561,9.999944811973477e-10,2.7673780495356706e-14,3251.9011926059707,0.08999289644980193,1.0000004718973866e-09,2.7673946281589536e-14,1.002488753958828e-09,2.7742806833196194e-14,32.18555234714184,0.000890700826378699,9.999874533551827e-10,2.7673586007321934e-14,0.0,0.0,9.999897076247022e-10,2.7673648391826082e-14,9.99998730436703e-10,2.7673898088522868e-14,9.999836924839866e-10,2.7673481929223593e-14,9.999734975936794e-10,2.7673199796510024e-14,49.54382425044456,0.0013710724838857937,9.999935401791454e-10,2.7673754453681814e-14,1.000001842093054e-09,2.7673984200292938e-14,9.999915438540196e-10,2.767369920751359e-14,9.99991543950644e-10,2.7673699210187568e-14,0.0,0.0,9.999637594746983e-10,2.7672930304455628e-14,9.999933712713841e-10,2.7673749779339708e-14,0.0,0.0,9.999738037655135e-10,2.7673208269488915e-14,9.999928540571909e-10,2.7673735465988663e-14,0.0,0.0,1.0000049942645408e-09,2.767407143327617e-14,9.99981770052153e-10,2.7673428727973407e-14,0.0,0.0,9.99969795166773e-10,2.7673097335795057e-14,9.999896644631946e-10,2.76736471973774e-14,1.0000855367754074e-09,2.767630036134345e-14,9.999834357454773e-10,2.7673474824259233e-14,0.0,0.0,9.99972750276255e-10,2.7673179115297527e-14,9.999822833631833e-10,2.767344293330858e-14,9.999987213611027e-10,2.767389783736531e-14,0.0,0.0,9.999882218666823e-10,2.7673607275057854e-14,9.999987595532076e-10,2.7673898894291072e-14,9.999915442229518e-10,2.7673699217723398e-14,0.0,0.0,9.999971856264109e-10,2.7673855337546002e-14,0.0,0.0,9.999897191041313e-10,2.7673648709507036e-14,0.0,0.0,159.2044096726836,0.0044058122019827554,0.0,0.0,0.0,0.0,0.0,0.0,9.999916743724244e-10,2.767370281947121e-14,0.0,0.0,1.000000225747596e-09,2.7673939469656668e-14,9.999838615269197e-10,2.7673486607306437e-14,0.0,0.0,9.999827155308598e-10,2.7673454893088004e-14,0.0,0.0,9.999770571826628e-10,2.7673298304337848e-14
Mt Roskill,general,26955.669722837047,1689.5304746008626,0.06267811157997234,1.0000009232881184e-09,3.7097981002523937e-14,9.999883486622184e-10,3.7097514509721894e-14,9.999963528600935e-10,3.709781144902844e-14,44.35329728328289,0.0016454162608212418,2213.0485481406636,0.08209955719503984,10059.913955299675,0.3732021522276199,1.0000028835689963e-09,3.709805372491956e-14,12785.455026978141,0.47431412977085885,9.999961737131368e-10,3.709780480304418e-14,9.99999838269308e-10,3.709794075055388e-14,9.999976401243636e-10,3.7097859203889786e-14,163.3684204914176,0.006060632964092546,1.0024941243946303e-09,3.719047364441143e-14,1.0000249396490328e-09,3.709887196020227e-14,9.999928103906099e-10,3.7097680030684173e-14,0.0,0.0,9.999950646697516e-10,3.709776365981173e-14,1.0000040875315655e-09,3.7098098389458846e-14,9.99989049498047e-10,3.709754050929214e-14,9.999788545532485e-10,3.7097162297772885e-14,1.0000020239513272e-09,3.7098021834869044e-14,9.999988972460412e-10,3.7097905840522844e-14,1.0000071992041285e-09,3.7098213826121886e-14,9.999969009111493e-10,3.709783178059732e-14,9.999969010072292e-10,3.709783178416169e-14,0.0,0.0,9.999691163836383e-10,3.7096801031675236e-14,9.999987283377636e-10,3.7097899574372554e-14,0.0,0.0,9.999791607281934e-10,3.7097173656234687e-14,9.999982111202885e-10,3.7097880386666204e-14,0.0,0.0,1.0000103513934904e-09,3.7098330765874987e-14,9.999871270560173e-10,3.709746919064009e-14,0.0,0.0,9.999751521067161e-10,3.709702494460858e-14,9.999950215082789e-10,3.7097762058609715e-14,1.0000908943368054e-09,3.710131874369721e-14,9.999887927585348e-10,3.709753098478339e-14,0.0,0.0,9.999781072335378e-10,3.709713457374605e-14,9.9998764037004e-10,3.7097488233536375e-14,1.0000040784548378e-09,3.709809805273088e-14,0.0,0.0,9.999935789050015e-10,3.7097708540990147e-14,1.0000041166487044e-09,3.709809946964491e-14,9.999969012799792e-10,3.709783179428016e-14,0.0,0.0,1.0000025427134113e-09,3.7098041079877216e-14,0.0,0.0,9.999950761513758e-10,3.709776408575642e-14,0.0,0.0,1.0000056943626837e-09,3.70981579995941e-14,0.0,0.0,0.0,0.0,0.0,0.0,9.999970314304745e-10,3.70978366225963e-14,0.0,0.0,1.0000055828519826e-09,3.709815386277605e-14,9.999892185418293e-10,3.7097546780469376e-14,0.0,0.0,9.99988072539801e-10,3.7097504266147157e-14,0.0,0.0,9.99982414161363e-10,3.7097294351925165e-14
Māngere,general,21584.77577082645,499.0510916538417,0.02312051313168373,1.0000228164213036e-09,4.63300071790838e-14,1.0000102415198207e-09,4.632942459710026e-14,1.0000182458928606e-09,4.6329795431299554e-14,401.64519311820135,0.01860780011720376,1978.0287487190863,0.09163999523184994,13223.291670968416,0.6126212202232256,1.0000247767443158e-09,4.633009799879085e-14,4467.263604365873,0.20696363269169268,1.0000180667418463e-09,4.632978713142115e-14,1.000021731378384e-09,4.632995691018451e-14,1.0000195331843385e-09,4.632985507016222e-14,1.0000277222408977e-09,4.633023446055507e-14,1.002516072111277e-09,4.6445517097576597e-14,640.4954620090258,0.029673482310374824,1.0000147033458873e-09,4.632963130881754e-14,0.0,0.0,1.0000169576758664e-09,4.632973574955869e-14,1.0000259807342223e-09,4.633015377837917e-14,1.00001094237091e-09,4.6329457066795415e-14,1.0000007472029656e-09,4.6328984735368275e-14,1.000023917107914e-09,4.633005817273888e-14,1.0000207903339058e-09,4.632991331258181e-14,1.0000290924745426e-09,4.6330297942041253e-14,1.0000187939567107e-09,4.632982082252233e-14,1.0000187940529063e-09,4.6329820826978965e-14,0.0,0.0,9.999910088198915e-10,4.6328533566304604e-14,1.0000206214212465e-09,4.632990548703565e-14,0.0,0.0,1.0000010533839225e-09,4.632899892041055e-14,1.0000201041928768e-09,4.632988152438831e-14,0.0,0.0,1.0000322447326408e-09,4.6330443982849443e-14,1.0000090198876473e-09,4.632936800016424e-14,0.0,0.0,9.999970446742863e-10,4.6328813201101776e-14,1.00001691451177e-09,4.6329733749811414e-14,1.0001127894382608e-09,4.63341755344984e-14,1.0000106856257789e-09,4.632944517206304e-14,0.0,0.0,374.99999995000127,0.017373356292023367,1.0000095332120324e-09,4.6329391781944065e-14,1.0000259716568936e-09,4.633015335783606e-14,0.0,0.0,1.0000154718775078e-09,4.6329666914080646e-14,1.0000260098512238e-09,4.6330155127339285e-14,1.0000187943253264e-09,4.6329820839599906e-14,0.0,0.0,1.0000244358815746e-09,4.633008220697792e-14,0.0,0.0,1.0000169691556622e-09,4.6329736281405573e-14,0.0,0.0,1.0000275875998378e-09,4.633022822277612e-14,0.0,0.0,0.0,0.0,0.0,0.0,1.0000189244792514e-09,4.63298268694946e-14,0.0,0.0,1.0000274760874672e-09,4.6330223056525065e-14,1.000011111418408e-09,4.632946489858852e-14,0.0,0.0,1.0000099653913953e-09,4.632941180436021e-14,0.0,0.0,1.0000043068888323e-09,4.632914965187723e-14
Napier,general,35225.79502864227,1057.5337629796975,0.030021572603820906,9.99998380298118e-10,2.8388241613426022e-14,5.0545118619323315,0.00014348893638376316,665.9958773803244,0.01890648250348359,9.032464897814206,0.0002564162112017589,1675.2020014627735,0.04755611619555097,10868.78995638838,0.308546335080611,1.0000003405731616e-09,2.8388297262277725e-14,19249.06010656491,0.5464478542191425,9.99993630734305e-10,2.8388106781442552e-14,9.999972952816456e-10,2.838821081166636e-14,1487.99270454688,0.042241564834434135,24.103439653144946,0.0006842553768778339,1.0024915750632067e-09,2.8459019143445185e-14,1.0000223965961193e-09,2.8388923395000626e-14,9.999902674198933e-10,2.8388011302705765e-14,0.0,0.0,9.999925216954157e-10,2.838807529772761e-14,1.0058083203297896,2.8553175861948945e-05,9.99986506536433e-10,2.8387904537664487e-14,9.999763116190133e-10,2.8387615121416778e-14,9.999994809570004e-10,2.838827285924692e-14,9.999963542604375e-10,2.8388184097685673e-14,1.000004656197259e-09,2.8388419775455745e-14,9.999943579317488e-10,2.8388127425332724e-14,9.99994358027033e-10,2.8388127428037677e-14,0.0,0.0,9.9996657347383e-10,2.838733867215068e-14,9.999961853524e-10,2.8388179302675724e-14,0.0,0.0,9.999766177920686e-10,2.8387623813145523e-14,9.99995668136751e-10,2.8388164619809135e-14,0.0,0.0,1.0000078083779285e-09,2.838850926046714e-14,9.999845841007014e-10,2.8387849963006054e-14,0.0,0.0,9.999726091818177e-10,2.8387510015564872e-14,9.9999247853383e-10,2.8388074072444103e-14,1.0000883511166875e-09,2.839079573089864e-14,9.999862497989486e-10,2.8387897249326942e-14,0.0,0.0,9.99975564300886e-10,2.8387593906334856e-14,9.999850974132667e-10,2.8387864535070786e-14,4.020910534503101,0.00011414676464317351,0.0,0.0,9.999910359322693e-10,2.8388033119456112e-14,0.0034840655795465255,9.890665566848426e-08,9.999943583003558e-10,2.8388127435796844e-14,0.0,0.0,177.99999994999996,0.005053115190310603,0.0,0.0,9.999925331760746e-10,2.8388075623643858e-14,0.0,0.0,1.0000031513601164e-09,2.838837705570616e-14,0.0,0.0,0.0,0.0,0.0,0.0,9.999944884502957e-10,2.8388131130530768e-14,0.0,0.0,1.0000030398496986e-09,2.8388373890116348e-14,9.999866755807182e-10,2.8387909336542268e-14,0.0,0.0,9.999855295817575e-10,2.8387876803594192e-14,0.0,0.0,9.999798712178706e-10,2.8387716172332856e-14
Nelson,general,35926.0,2262.0,0.06296275677782108,0.0,0.0,0.0,0.0,0.0,0.0,0.0,0.0,2036.0,0.0566720480988699,15165.0,0.42211768635528585,0.0,0.0,15257.0,0.42467850581751376,0.0,0.0,0.0,0.0,0.0,0.0,1071.0,0.029811278739631464,0.0,0.0,0.0,0.0,0.0,0.0,0.0,0.0,0.0,0.0,0.0,0.0,0.0,0.0,0.0,0.0,0.0,0.0,0.0,0.0,0.0,0.0,0.0,0.0,0.0,0.0,0.0,0.0,0.0,0.0,0.0,0.0,0.0,0.0,0.0,0.0,0.0,0.0,0.0,0.0,0.0,0.0,0.0,0.0,0.0,0.0,0.0,0.0,0.0,0.0,0.0,0.0,0.0,0.0,0.0,0.0,0.0,0.0,0.0,0.0,0.0,0.0,0.0,0.0,0.0,0.0,0.0,0.0,0.0,0.0,0.0,0.0,0.0,0.0,0.0,0.0,0.0,0.0,0.0,0.0,0.0,0.0,0.0,0.0,0.0,0.0,0.0,0.0,0.0,0.0,0.0,0.0,0.0,0.0,0.0,0.0,135.0,0.003757724210877916,0.0,0.0,0.0,0.0,0.0,0.0
New Plymouth,general,36886.2694612968,1592.1217468345185,0.043162991814747344,436.9986472849591,0.011847190124322095,9.99984329967701e-10,2.7109933982804694e-14,9.999923341314832e-10,2.711015097855675e-14,0.002626891851832459,7.121598063986236e-08,9.999886225726434e-10,2.7110050356864882e-14,13381.560074554138,0.36277889496509924,9.999988648141806e-10,2.7110328027707902e-14,19849.57791355145,0.538129179324539,9.999921549856294e-10,2.711014612184837e-14,208.9991262812274,0.005666041302998161,9.99993621390556e-10,2.711018587661208e-14,1417.002565103594,0.03841544796473373,1.002490095628229e-09,2.717786618893785e-14,1.0000209208067656e-09,2.7110925973580636e-14,9.999887916762368e-10,2.7110054941323974e-14,0.0,0.0,9.99991045947646e-10,2.7110116055430714e-14,1.0000000687718733e-09,2.7110360667432933e-14,9.999850308001795e-10,2.7109952982624647e-14,9.999748358955741e-10,2.7109676595102833e-14,9.999980052001952e-10,2.7110304723264328e-14,9.99994878507229e-10,2.7110219957496142e-14,0.0067607540518888915,1.8328646812556268e-07,9.999928821826525e-10,2.711016583642059e-14,9.999928822765574e-10,2.7110165838966383e-14,0.0,0.0,9.999650977647565e-10,2.7109412590882294e-14,9.999947095992224e-10,2.711021537833948e-14,0.0,0.0,9.999751420699134e-10,2.7109684895599025e-14,9.999941923843374e-10,2.711020135645837e-14,0.0,0.0,1.0000063326087518e-09,2.7110530482298195e-14,9.99983108364672e-10,2.7109900864708265e-14,0.0,0.0,9.999711334634334e-10,2.7109576220839053e-14,9.999910027861237e-10,2.711011488530636e-14,1.0000868752283817e-09,2.7112714021615295e-14,9.999847740604343e-10,2.7109946022318034e-14,0.0,0.0,9.999740885781403e-10,2.710965633505906e-14,9.999836216777197e-10,2.7109914780809163e-14,1.0000000596971747e-09,2.71103604214146e-14,0.0,0.0,9.999895601877877e-10,2.711007577594786e-14,1.000000097889093e-09,2.7110361456811208e-14,9.99992882550135e-10,2.7110165846383168e-14,0.0,0.0,9.999985239608242e-10,2.711031878705111e-14,0.0,0.0,9.999910574282967e-10,2.7110116366675273e-14,0.0,0.0,1.000001675596994e-09,2.711040422903849e-14,0.0,0.0,0.0,0.0,0.0,0.0,9.999930127010232e-10,2.7110169374820448e-14,0.0,0.0,1.0000015640864064e-09,2.711040120594645e-14,9.99985199843336e-10,2.7109957565445272e-14,0.0,0.0,9.999840538459425e-10,2.7109926497044745e-14,0.0,0.0,9.999783954887772e-10,2.710977309695176e-14
North Shore,general,34379.20685562769,1651.2566959903727,0.04803068037388625,9.999869726392355e-10,2.9086970413209023e-14,9.999743981894683e-10,2.908660465579583e-14,9.999824022758256e-10,2.908683747345189e-14,9.999827250985647e-10,2.9086846863509676e-14,2482.947089137221,0.07222234938589853,7397.783187841685,0.2151819039603791,9.999889328931738e-10,2.908702743180013e-14,21859.02297451659,0.6358210375914587,9.99982223129948e-10,2.908683226257316e-14,9.999858876354325e-10,2.9086938853324367e-14,9.9998368952199e-10,2.908687491603077e-14,42.03050191233496,0.0012225558922530754,54.18526319709838,0.00157610567994324,1.0000109886644667e-09,2.908766897572479e-14,891.9811429903943,0.02594536711495954,0.0,0.0,9.99981114103361e-10,2.908680000392939e-14,9.99990136837973e-10,2.90870624513631e-14,9.999750990154495e-10,2.908662504096597e-14,9.999649042124245e-10,2.9086328501168884e-14,9.999880732864077e-10,2.9087002428117826e-14,9.999849466248787e-10,2.908691148182165e-14,9.999932484677304e-10,2.908715296042488e-14,9.999829503199653e-10,2.908685341460323e-14,9.999829504140343e-10,2.908685341733945e-14,0.0,0.0,9.999551661788047e-10,2.908604524758306e-14,9.999847777201557e-10,2.9086906568830964e-14,0.0,0.0,9.999652103824351e-10,2.908633740684294e-14,9.99984260509954e-10,2.9086891524557145e-14,0.0,0.0,9.999964006141642e-10,2.9087244648009383e-14,9.999731765992724e-10,2.9086569122975045e-14,0.0,0.0,9.999612018175843e-10,2.9086220808316756e-14,9.99981070942267e-10,2.9086798748487573e-14,1.0000769424323285e-09,2.9089587396011176e-14,9.999748422797355e-10,2.908661757320457e-14,0.0,0.0,9.999641569026983e-10,2.908630676390981e-14,9.999736899072403e-10,2.908658405374323e-14,9.999901277623043e-10,2.908706218737595e-14,0.0,0.0,9.999796283582664e-10,2.908675678754279e-14,9.999901659564154e-10,2.90870632983414e-14,9.99982950688859e-10,2.9086853425333376e-14,0.0,0.0,9.999885920435242e-10,2.90870175173873e-14,0.0,0.0,9.999811255848997e-10,2.908680033789692e-14,0.0,0.0,9.99991743647019e-10,2.9087109189179146e-14,0.0,0.0,0.0,0.0,0.0,0.0,9.999830808358052e-10,2.908685721096306e-14,0.0,0.0,9.99991632137656e-10,2.9087105945667347e-14,9.999752680558118e-10,2.908662995790204e-14,0.0,0.0,9.999741220707374e-10,2.9086596624233844e-14,0.0,0.0,9.999684637714303e-10,2.90864320393052e-14
Northcote,general,31892.0742857461,792.8502854241091,0.024860417617253168,9.99998385990838e-10,3.135570226731157e-14,9.999858113978553e-10,3.135530798148149e-14,9.99993815574136e-10,3.135555895845492e-14,166.15489084344097,0.005209911696389799,2386.9363950139154,0.07484418773227106,9959.933377810128,0.3123012096538869,1.000000346267241e-09,3.135576373325403e-14,17647.05195523558,0.5533366000944876,9.999936364275913e-10,3.1355553341180137e-14,9.999973009753454e-10,3.135566824583392e-14,888.5913933226342,0.027862452136573092,17.33111457197381,0.0005434301455807096,1.0024915807712323e-09,3.143387826671681e-14,1.0000224022904765e-09,3.135645531646802e-14,33.1197258046169,0.0010384939376432937,0.0,0.0,9.999925273893672e-10,3.1355518566451655e-14,1.0000015502259913e-09,3.135580148428708e-14,9.999865122307534e-10,3.1355329956624653e-14,9.999763173116068e-10,3.13550102872593e-14,9.999994866508752e-10,3.1355736779335696e-14,9.99996359953833e-10,3.135563873939592e-14,1.0000046618911178e-09,3.1355899052889815e-14,9.999943636243357e-10,3.1355576142981544e-14,9.999943637199282e-10,3.135557614597892e-14,0.0,0.0,9.999665791664568e-10,3.1354704940386506e-14,9.999961910459112e-10,3.1355633443160867e-14,0.0,0.0,9.999766234858488e-10,3.1355019887583174e-14,9.99995673829215e-10,3.135561722544196e-14,0.0,0.0,1.0000078140721515e-09,3.135599789189933e-14,9.999845897931892e-10,3.135526967714747e-14,0.0,0.0,9.99972614874357e-10,3.135489419455186e-14,9.999924842266374e-10,3.1355517213051764e-14,1.0000883568111033e-09,3.135852337011784e-14,9.999862554913165e-10,3.1355321906366314e-14,0.0,0.0,9.99975569994772e-10,3.135498685457731e-14,9.999851031067217e-10,3.135528577247974e-14,1.0000015411505426e-09,3.135580119971955e-14,0.0,0.0,9.999910416263401e-10,3.1355471979233343e-14,1.000001579342975e-09,3.135580239727202e-14,9.999943639927942e-10,3.135557615453484e-14,0.0,0.0,1.0000000054132257e-09,3.135575304551976e-14,0.0,0.0,9.999925388687421e-10,3.1355518926396094e-14,0.0,0.0,1.000003157053597e-09,3.1355851867576394e-14,0.0,0.0,0.0,0.0,0.0,0.0,9.99994494144357e-10,3.135558023553508e-14,0.0,0.0,0.10514767969962814,3.2969846601236293e-06,9.999866812740104e-10,3.135533525710324e-14,0.0,0.0,9.999855352751406e-10,3.135529932344588e-14,0.0,0.0,9.999798769102138e-10,3.135512190115356e-14
Northland,general,38339.90686640979,1741.1980805354053,0.04541477074011615,1.000011735241341e-09,2.6082789891111277e-14,469.53137975120984,0.012246544609177804,3236.9746210372186,0.08442833813644927,1.0000074875942187e-09,2.6082679101923992e-14,1841.964623103063,0.04804301245491126,8511.103920671689,0.22199073018949883,1.0000136955426505e-09,2.6082841020638438e-14,14162.443371864676,0.36939169991236004,1.0000069856145342e-09,2.6082666009047e-14,1.0000106502115607e-09,2.60827615908396e-14,7066.04279966251,0.18429994690084092,1012.6598042112497,0.026412682945207083,1.0025049633038363e-09,2.614781947167814e-14,1.000035751861371e-09,2.60834163042143e-14,1.000003622256868e-09,2.6082578284325136e-14,0.0,0.0,1.00000587656046e-09,2.608263708216207e-14,1.0000148995192414e-09,2.6082872423338375e-14,9.99999861322517e-10,2.6082480189815827e-14,9.999896662673811e-10,2.6082214277455333e-14,1.0000128359158613e-09,2.608281859943663e-14,1.0000097091768878e-09,2.6082737046317984e-14,1.0000180112251863e-09,2.6082953584358292e-14,1.000007712821314e-09,2.6082684976406057e-14,1.0000077129166278e-09,2.6082684978892077e-14,0.0,0.0,9.99979927992937e-10,2.608196027906984e-14,1.0000095402673714e-09,2.6082732640738258e-14,0.0,0.0,9.999899724456468e-10,2.608222226334499e-14,1.0000090230438395e-09,2.6082719150263863e-14,0.0,0.0,1.0000211634483018e-09,2.6083035802166657e-14,9.999979388597526e-10,2.6082430047211904e-14,0.0,0.0,9.999859637822267e-10,2.6082117707446246e-14,1.000005833398302e-09,2.608263595638578e-14,1.0001017072624127e-09,2.6085136584893952e-14,9.99999604580256e-10,2.608247349333996e-14,0.0,0.0,9.999889189400197e-10,2.608219478530153e-14,9.99998452179181e-10,2.6082443435857584e-14,1.0000148904426347e-09,2.6082872186597927e-14,0.0,0.0,1.0000043907789808e-09,2.6082598329290696e-14,1.000014928636161e-09,2.6082873182779956e-14,1.000007713189932e-09,2.608268498602053e-14,0.0,0.0,1.0000133546845664e-09,2.6082832130212977e-14,0.0,0.0,1.000005888041147e-09,2.60826373816069e-14,0.0,0.0,1.0000165063686833e-09,2.6082914333962923e-14,0.0,0.0,0.0,0.0,0.0,0.0,1.0000078433421714e-09,2.6082688380714206e-14,0.0,0.0,1.0000163948552175e-09,2.6082911425414758e-14,297.98826553276405,0.007772274110395307,0.0,0.0,9.999988843537572e-10,2.6082454708043968e-14,0.0,0.0,9.99993225914001e-10,2.6082307121880656e-14
Pakuranga,general,30135.046975763864,1078.4319404360795,0.0357866354515196,362.3812289914036,0.012025241881416312,9.999708874870061e-10,3.318298751255419e-14,9.999788915442442e-10,3.318325311881803e-14,185.99613387204863,0.006172087072624647,9.999751800337191e-10,3.3183129956225056e-14,5876.233856019697,0.1949966715082828,9.99985422138679e-10,3.3183469829760614e-14,22242.589642426374,0.7380970622118158,6.412449598458827,0.0002127904298146953,9.999823768922388e-10,3.31833687764441e-14,9.99980178785871e-10,3.318329583458442e-14,383.0017243778004,0.012709511443132305,1.0024766194631847e-09,3.3266137606137705e-14,1.0000074778338444e-09,3.318420172492518e-14,9.999753491355361e-10,3.31831355676919e-14,0.0,0.0,9.999776033775786e-10,3.3183210372355196e-14,9.999866260805178e-10,3.318350978131071e-14,9.99971588309698e-10,3.318301076862186e-14,9.999613935428744e-10,3.3182672465952825e-14,9.999845625361615e-10,3.3183441304750576e-14,9.99981435886253e-10,3.318333755014515e-14,9.999897376990127e-10,3.31836130371144e-14,9.999794395856188e-10,3.318327130499757e-14,9.99979439681793e-10,3.318327130818901e-14,0.0,0.0,9.999516555419018e-10,3.318234932058058e-14,9.999812669799073e-10,3.318333194516481e-14,0.0,0.0,9.99961699712889e-10,3.3182682625884376e-14,9.999807497713877e-10,3.3183314782141306e-14,0.0,0.0,9.999928898338763e-10,3.31837176374114e-14,9.999696659007402e-10,3.3182946975492247e-14,0.0,0.0,9.999576911607656e-10,3.318254960627678e-14,9.999775602165437e-10,3.318320894010142e-14,1.0000734313701165e-09,3.318639032401132e-14,9.999713315743685e-10,3.31830022491286e-14,0.0,0.0,9.999606462359094e-10,3.3182647667353184e-14,9.99970179206187e-10,3.3182964008996365e-14,9.999866170055646e-10,3.318350948016788e-14,0.0,0.0,9.999761176376784e-10,3.3183161069631316e-14,9.999866551971553e-10,3.318351074751585e-14,9.99979439954457e-10,3.3183271317237076e-14,0.0,0.0,9.999850812899044e-10,3.3183458519050697e-14,0.0,0.0,9.9997761485798e-10,3.3183210753320304e-14,0.0,0.0,9.99988232883044e-10,3.318356310137115e-14,0.0,0.0,0.0,0.0,0.0,0.0,9.999795701031195e-10,3.318327563608425e-14,0.0,0.0,9.999881213749914e-10,3.318355940109311e-14,9.99971757350977e-10,3.318301637807982e-14,0.0,0.0,9.999706113685271e-10,3.3182978349851397e-14,0.0,0.0,9.999649530887843e-10,3.3182790585759066e-14
Palmerston North,general,34260.33716090032,3117.273103444496,0.09098781161447793,323.00197748405316,0.009427869199509215,9.999935475509474e-10,2.9188082500606326e-14,1.0000015517894908e-09,2.918831613048877e-14,1.0000018746174538e-09,2.918832555327879e-14,2773.0096087053466,0.08093935549093338,14281.629530862036,0.4168560707324554,1.0000080825320576e-09,2.9188506751571574e-14,12707.757881922284,0.3709174787814125,1.0000013726416031e-09,2.918831090147171e-14,1.0000050372168716e-09,2.918841786408714e-14,216.6557839092977,0.006323807699025115,841.0092745308075,0.024547606480960465,1.0024993363099212e-09,2.9261222141562157e-14,1.0000301387254928e-09,2.918915053371918e-14,9.999980093012657e-10,2.918821273138302e-14,0.0,0.0,1.0000002635924615e-09,2.9188278530244994e-14,1.0000092865004665e-09,2.9188541893327575e-14,9.999942483885118e-10,2.918810295684297e-14,9.999840533913592e-10,2.9187805382504905e-14,1.0000072229100931e-09,2.918848166069286e-14,1.000004096188688e-09,2.9188390397101655e-14,1.0000123981901825e-09,2.918863271816976e-14,1.0000020998436286e-09,2.918833212724138e-14,1.0000020999396161e-09,2.918833213004309e-14,0.0,0.0,9.999743151712064e-10,2.918752114069762e-14,1.000003927277888e-09,2.918838546688748e-14,0.0,0.0,9.999843595680594e-10,2.9187814319273354e-14,1.0000034100586454e-09,2.9188370370152144e-14,0.0,0.0,1.0000155503952646e-09,2.918872472558543e-14,9.999923259362079e-10,2.9188046843784454e-14,0.0,0.0,9.999803509259063e-10,2.91876973139405e-14,1.0000002204309932e-09,2.918827727043636e-14,1.000096093757292e-09,2.919107564705036e-14,9.999939916480186e-10,2.918809546303192e-14,0.0,0.0,9.999833060668281e-10,2.9187783569394085e-14,9.999928392541495e-10,2.918806182664756e-14,1.00000927742533e-09,2.9188541628440036e-14,0.0,0.0,9.999987778186079e-10,2.918823516307535e-14,1.000009315618658e-09,2.918854274323723e-14,1.0000021002126106e-09,2.9188332138011326e-14,0.0,0.0,1.000007741674443e-09,2.91884968025272e-14,0.0,0.0,1.0000002750743203e-09,2.9188278865380597e-14,0.0,0.0,1.0000108933401214e-09,2.918858879419861e-14,0.0,0.0,0.0,0.0,0.0,0.0,1.000002230362355e-09,2.9188335936857317e-14,0.0,0.0,1.0000107818292232e-09,2.918858553938831e-14,9.999944174342758e-10,2.918810789099651e-14,0.0,0.0,9.999932714246706e-10,2.918807444095778e-14,0.0,0.0,9.999876130182674e-10,2.918790928185918e-14
Papakura,general,25840.336548945423,1933.1520217369746,0.07481141037289891,24.902060035932546,0.0009636894623552739,9.999789101705098e-10,3.869837021187405e-14,9.999869142916195e-10,3.869867996484861e-14,277.7120229267931,0.010747229332743613,9.999832027515366e-10,3.869853633126722e-14,6619.337989318957,0.2561629945020627,9.999934449385842e-10,3.8698932695572624e-14,15150.55220815888,0.586314043528864,9.999867351462966e-10,3.869867303207037e-14,9.999903996673509e-10,3.869881484605361e-14,1153.9714065938392,0.04465775453071389,395.61876178110407,0.0153101241940771,1.0024846622507693e-09,3.879534077862782e-14,1.0000155008106075e-09,3.8699786239874624e-14,9.999833718558436e-10,3.8698542875466314e-14,0.0,0.0,9.999856261147051e-10,3.869863011345012e-14,9.999946488901575e-10,3.869897928751894e-14,9.999796109985441e-10,3.8698397333348763e-14,9.999694161499707e-10,3.869800280100379e-14,9.999925853296964e-10,3.8698899429408064e-14,9.99989458653566e-10,3.869877842958577e-14,9.999977605333307e-10,3.869909970557802e-14,9.999874623376881e-10,3.869870117378556e-14,9.999874624336632e-10,3.869870117749972e-14,0.0,0.0,9.999596780724973e-10,3.869762594532875e-14,9.999892897464496e-10,3.86987718930178e-14,0.0,0.0,9.999697223216433e-10,3.869801464959841e-14,9.999887725352712e-10,3.869875187736601e-14,0.0,0.0,285.09007835193916,0.011032754074697764,9.999776885747251e-10,3.869832293711111e-14,0.0,0.0,9.999657137377737e-10,3.869785952066416e-14,9.999855829534264e-10,3.869862844314375e-14,1.0000814548753105e-09,3.87023386085165e-14,9.999793542615374e-10,3.8698387397835494e-14,0.0,0.0,9.999686688371074e-10,3.869797388060402e-14,9.999782018838715e-10,3.869834280175743e-14,9.999946398152535e-10,3.8698978936327536e-14,0.0,0.0,9.999841403633167e-10,3.869857261608024e-14,9.999946780070884e-10,3.869898041432047e-14,9.999874627062558e-10,3.869870118804883e-14,0.0,0.0,9.999931040880446e-10,3.8698919504934064e-14,0.0,0.0,9.999856375952716e-10,3.8698630557738704e-14,0.0,0.0,9.999962557061577e-10,3.869904146999079e-14,0.0,0.0,0.0,0.0,0.0,0.0,9.99987592855727e-10,3.8698706224727465e-14,0.0,0.0,9.999961441964591e-10,3.8699037154656185e-14,9.99979780040809e-10,3.869840387514687e-14,0.0,0.0,9.999786340490706e-10,3.8698359526199015e-14,0.0,0.0,9.999729757244426e-10,3.869814055363969e-14
Port Waikato,general,0.0,0.0,0.0,0.0,0.0,0.0,0.0,0.0,0.0,0.0,0.0,0.0,0.0,0.0,0.0,0.0,0.0,0.0,0.0,0.0,0.0,0.0,0.0,0.0,0.0,0.0,0.0,0.0,0.0,0.0,0.0,0.0,0.0,0.0,0.0,0.0,0.0,0.0,0.0,0.0,0.0,0.0,0.0,0.0,0.0,0.0,0.0,0.0,0.0,0.0,0.0,0.0,0.0,0.0,0.0,0.0,0.0,0.0,0.0,0.0,0.0,0.0,0.0,0.0,0.0,0.0,0.0,0.0,0.0,0.0,0.0,0.0,0.0,0.0,0.0,0.0,0.0,0.0,0.0,0.0,0.0,0.0,0.0,0.0,0.0,0.0,0.0,0.0,0.0,0.0,0.0,0.0,0.0,0.0,0.0,0.0,0.0,0.0,0.0,0.0,0.0,0.0,0.0,0.0,0.0,0.0,0.0,0.0,0.0,0.0,0.0,0.0,0.0,0.0,0.0,0.0,0.0,0.0,0.0,0.0,0.0,0.0,0.0,0.0,0.0,0.0,0.0,0.0,0.0,0.0,0.0
Rangitata,general,35044.0,0.0,0.0,0.0,0.0,0.0,0.0,0.0,0.0,145.0,0.004137655518776396,1386.0,0.03955027964844196,10578.0,0.3018491039835635,0.0,0.0,20157.0,0.5751911882205227,269.0,0.007676064376212761,80.0,0.002282844424152494,1823.0,0.05202031731537496,606.0,0.017292546512955143,0.0,0.0,0.0,0.0,0.0,0.0,0.0,0.0,0.0,0.0,0.0,0.0,0.0,0.0,0.0,0.0,0.0,0.0,0.0,0.0,0.0,0.0,0.0,0.0,0.0,0.0,0.0,0.0,0.0,0.0,0.0,0.0,0.0,0.0,0.0,0.0,0.0,0.0,0.0,0.0,0.0,0.0,0.0,0.0,0.0,0.0,0.0,0.0,0.0,0.0,0.0,0.0,0.0,0.0,0.0,0.0,0.0,0.0,0.0,0.0,0.0,0.0,0.0,0.0,0.0,0.0,0.0,0.0,0.0,0.0,0.0,0.0,0.0,0.0,0.0,0.0,0.0,0.0,0.0,0.0,0.0,0.0,0.0,0.0,0.0,0.0,0.0,0.0,0.0,0.0,0.0,0.0,0.0,0.0,0.0,0.0,0.0,0.0,0.0,0.0,0.0,0.0,0.0,0.0
Rangitīkei,general,38011.319002238786,4192.57782074244,0.11029814094310976,9.99996144496018e-10,2.63078517332461e-14,9.999835699299151e-10,2.630752092215001e-14,9.999915740893414e-10,2.630773149520131e-14,9.999918969138348e-10,2.6307739988052964e-14,2203.9368537087694,0.05798106752304392,10665.617032318116,0.28059055334780497,9.999981047663674e-10,2.630790330394664e-14,18726.103989401505,0.4926454666910816,9.99991394943234e-10,2.6307726782233908e-14,9.99995059482038e-10,2.6307823188749134e-14,1835.839229661228,0.048297172469945096,360.9829168348119,0.009496721668973149,1.0024893336867926e-09,2.637344243770515e-14,1.0000201607399715e-09,2.6308483551467193e-14,9.999880316362405e-10,2.630763830051105e-14,0.0,0.0,9.999902859064803e-10,2.6307697605746935e-14,9.999993087237959e-10,2.6307934977602276e-14,9.999842707622086e-10,2.6307539359613163e-14,9.999740758660704e-10,2.630727115276305e-14,9.999972451533495e-10,2.6307880689287622e-14,9.99994118462397e-10,2.6307798432448486e-14,1.0000024203807402e-09,2.630801683892743e-14,9.99992122138703e-10,2.630774591325825e-14,9.999921222339006e-10,2.6307745915762702e-14,0.0,0.0,9.999643377413635e-10,2.630701496263436e-14,9.999939495546598e-10,2.630779398883165e-14,0.0,0.0,9.999743820396118e-10,2.6307279207562236e-14,9.999934323404027e-10,2.6307780381983196e-14,0.0,0.0,1.0000055725554356e-09,2.630809976619168e-14,9.99982348328822e-10,2.6307488784325666e-14,0.0,0.0,9.99970373437397e-10,2.630717374944292e-14,9.999902427449923e-10,2.6307696470256528e-14,1.0000861151143773e-09,2.631021867606e-14,9.999840140224083e-10,2.630753260531452e-14,0.0,0.0,9.999733285496053e-10,2.6307251492396488e-14,9.999828616399174e-10,2.6307502288489925e-14,9.999992996480947e-10,2.6307934738839156e-14,0.0,0.0,9.999888001477444e-10,2.63076585184757e-14,9.999993378397335e-10,2.6307935743583e-14,9.99992122507312e-10,2.6307745922955596e-14,0.0,0.0,9.999977639124611e-10,2.6307894336778037e-14,0.0,0.0,9.999902973855816e-10,2.6307697907738594e-14,0.0,0.0,1.0000009155474162e-09,2.6307977249842824e-14,0.0,0.0,0.0,0.0,0.0,0.0,26.261159529913606,0.000690877354936483,0.0,0.0,1.0000008040372398e-09,2.6307974316238325e-14,9.99984439805303e-10,2.6307543806790973e-14,0.0,0.0,9.99983293807962e-10,2.63075136579466e-14,0.0,0.0,9.999776354557478e-10,2.6307364798281566e-14
Remutaka,general,35477.940542895456,1025.9086796287509,0.028916804750499858,9.999624490926735e-10,2.818547057103399e-14,9.999498749513852e-10,2.8185116149635904e-14,9.999578788406201e-10,2.8185341751491946e-14,333.7528503360345,0.00940733439508707,2158.249931129605,0.06083357427469955,19408.979531697358,0.5470717644455846,9.9996440929771e-10,2.8185525822410095e-14,11778.02595321103,0.33198167010203217,9.999576996999349e-10,2.8185336702137827e-14,9.999613641145093e-10,2.8185439989265498e-14,17.138794109760077,0.0004830831172130188,13.01532441652618,0.00036685681912087566,725.777821295347,0.020457157608058673,9.999864645290113e-10,2.818614748282679e-14,17.0916570310472,0.00048175448657686656,0.0,0.0,9.999565907013408e-10,2.8185305443316795e-14,9.999656132132361e-10,2.818555975660999e-14,9.999505757596831e-10,2.818513590298932e-14,9.999403812060508e-10,2.8184848553907713e-14,9.99963549713722e-10,2.818550159372109e-14,9.999604231275121e-10,2.8185413466108213e-14,9.999687247670598e-10,2.8185647460512077e-14,9.999584268709004e-10,2.8185357198563333e-14,9.999584269669377e-10,2.8185357201270294e-14,0.0,0.0,9.999306434104084e-10,2.8184574079248436e-14,9.999602542265344e-10,2.8185408705375905e-14,0.0,0.0,9.999406873695827e-10,2.8184857183594983e-14,9.99959737028495e-10,2.8185394127358365e-14,0.0,0.0,9.999718768349397e-10,2.8185736306364787e-14,9.999486533908518e-10,2.8185081718084507e-14,0.0,0.0,9.999366789024288e-10,2.81847441988193e-14,9.99956547540515e-10,2.8185304226762924e-14,1.000052416679535e-09,2.818800644503019e-14,9.999503190294355e-10,2.818512866665475e-14,0.0,0.0,9.999396339152751e-10,2.8184827490374592e-14,9.999491666855266e-10,2.8185096186079745e-14,9.99965604138314e-10,2.8185559500819433e-14,0.0,0.0,9.999551049918789e-10,2.8185263566323956e-14,9.999656423304319e-10,2.818556057732267e-14,9.999584272394977e-10,2.818535720895281e-14,0.0,0.0,9.999640684552446e-10,2.8185516215244062e-14,0.0,0.0,9.999566021803524e-10,2.8185305766870285e-14,0.0,0.0,9.999672199834043e-10,2.8185605045883934e-14,0.0,0.0,0.0,0.0,0.0,0.0,9.999585573847563e-10,2.818536087729592e-14,0.0,0.0,9.999671084772583e-10,2.8185601902912712e-14,9.999507447971296e-10,2.8185140667568207e-14,0.0,0.0,9.999495988391899e-10,2.8185108366991505e-14,0.0,0.0,9.999439406775463e-10,2.8184948883054247e-14
Rotorua,general,30948.33185814547,1498.7417148683774,0.048427221271181854,4.051872072508621,0.00013092376322836234,9.998974634675815e-10,3.230860610034504e-14,9.999054669358868e-10,3.2308864707766666e-14,9.999057897341737e-10,3.2308875137998844e-14,56.46685910431993,0.0018245525918211354,8770.851325258493,0.28340303979744363,10.08541715480531,0.00032587918473385734,17081.216075837066,0.551926874576969,9.999052878064432e-10,3.2308858919750544e-14,9.999089520281356e-10,3.2308977317785994e-14,73.53879120734902,0.0023761794834183904,9.999149422170242e-10,3.230917087228567e-14,1039.4919228809201,0.03358797907575527,2134.859199157097,0.06898139805862302,9.999019247896695e-10,3.230875025422411e-14,0.0,0.0,9.999041788644785e-10,3.230882308770733e-14,9.99913200905359e-10,3.230911460716375e-14,9.998981642382176e-10,3.230862874358925e-14,9.998879702202038e-10,3.230829935530233e-14,9.999111375124045e-10,3.2309047934977216e-14,9.99908011091707e-10,3.2308946914324086e-14,9.999163122955407e-10,3.230921514215206e-14,9.999060149390794e-10,3.230888241480157e-14,9.999060150331479e-10,3.23088824178411e-14,0.0,0.0,9.998782329354413e-10,3.2307984724943343e-14,9.999078421982941e-10,3.230894145705377e-14,0.0,0.0,9.998882763670818e-10,3.2308309247495534e-14,9.999073250281418e-10,3.230892474629357e-14,0.0,0.0,9.999194641972274e-10,3.230931698614486e-14,9.998962419701554e-10,3.230856663141884e-14,0.0,0.0,9.9988426810931e-10,3.230817973299406e-14,9.99904135707001e-10,3.23088216932064e-14,277.9999999499954,0.008982713550579528,9.99897907522118e-10,3.230862044859937e-14,0.0,0.0,9.998872229684094e-10,3.2308275210162685e-14,9.99896755237327e-10,3.2308583216066244e-14,9.999131918293323e-10,3.230911431389991e-14,0.0,0.0,9.99902693234266e-10,3.2308775084143864e-14,9.99913230019066e-10,3.23091155478835e-14,9.99906015307827e-10,3.230888242671651e-14,0.0,0.0,9.999116562278118e-10,3.2309064695667574e-14,0.0,0.0,9.999041903445837e-10,3.2308823458651556e-14,0.0,0.0,1.0286806165402784,3.3238645018262397e-05,0.0,0.0,0.0,0.0,0.0,0.0,9.999061454449026e-10,3.2308886631695196e-14,0.0,0.0,9.999146960898868e-10,3.230916291944548e-14,9.998983332666506e-10,3.230863420522233e-14,0.0,0.0,9.998971873694103e-10,3.2308597179083224e-14,0.0,0.0,9.998915295043639e-10,3.2308414362604703e-14
Selwyn,general,35304.22665448412,2017.1724643803068,0.05713685457897145,9.999863914519928e-10,2.8324834905425716e-14,9.999738170095792e-10,2.8324478731573316e-14,9.999818210913802e-10,2.8324705448954194e-14,9.999821439140376e-10,2.8324714592977105e-14,9.999781095692953e-10,2.8324600319273227e-14,8438.182465149848,0.23901337785225452,9.999883517038112e-10,2.8324890429990456e-14,23771.734563556627,0.6733396201028891,373.612638605792,0.010582660321730573,9.999853064496196e-10,2.8324804172494395e-14,9.99983108335483e-10,2.8324741910427076e-14,703.524522747542,0.019927487142907995,1.0024795563279767e-09,2.8395454349958068e-14,1.0000104074635207e-09,2.8325515164244665e-14,9.999782786718586e-10,2.83246051091406e-14,0.0,0.0,9.99980532919568e-10,2.832466896120374e-14,9.999895556489432e-10,2.8324924532001635e-14,9.999745178355298e-10,2.8324498582622808e-14,9.999643230375937e-10,2.8324209812724634e-14,9.999874920985758e-10,2.832486608148273e-14,9.999843654388892e-10,2.8324777518158086e-14,9.999926672780684e-10,2.8325012669582318e-14,9.999823691353588e-10,2.832472097242066e-14,9.999823692291734e-10,2.832472097507798e-14,0.0,0.0,9.999545850090234e-10,2.8323933980919406e-14,9.9998419653263e-10,2.8324772733851074e-14,0.0,0.0,9.999646292078268e-10,2.8324218485063957e-14,9.999836793231817e-10,2.8324758083779472e-14,0.0,0.0,9.999958194201595e-10,2.8325101954701687e-14,9.999725954215758e-10,2.832444412982392e-14,0.0,0.0,9.999606206446975e-10,2.8324104941629953e-14,9.999804897585003e-10,2.8324667738656985e-14,1.0000763611929e-09,2.8327383318163594e-14,9.999742610986687e-10,2.832449131049464e-14,0.0,0.0,9.999635757283392e-10,2.8324188645025315e-14,9.999731087275168e-10,2.8324458669327815e-14,9.99989546573272e-10,2.8324924274931246e-14,0.0,0.0,9.999790471753296e-10,2.8324626877170772e-14,9.999895847670956e-10,2.8324925356779718e-14,9.999823695041188e-10,2.8324720982865867e-14,0.0,0.0,9.999880108544439e-10,2.8324880775357015e-14,0.0,0.0,9.99980544400389e-10,2.832466928640052e-14,0.0,0.0,9.99991162457423e-10,2.832497004520592e-14,0.0,0.0,0.0,0.0,0.0,0.0,9.999824996508688e-10,2.8324724669301245e-14,0.0,0.0,9.999910509477508e-10,2.8324966886669877e-14,9.999746868754152e-10,2.8324503370714813e-14,0.0,0.0,9.999735408909189e-10,2.8324470910451415e-14,0.0,0.0,9.999678825936882e-10,2.8324310637935434e-14
Southland,general,32464.563706435336,2281.4733230619336,0.07027580421817543,9.999911665557573e-10,3.080254444810335e-14,494.6524126115317,0.015236687518257899,9.999865961725567e-10,3.080240366742809e-14,183.86537452319843,0.005663571400060166,2860.941650273433,0.08812506079378848,5031.235104248748,0.15497621190120672,9.999931268164712e-10,3.0802604829654496e-14,19826.851165200438,0.6107228590683396,9.999864170266223e-10,3.080239814922874e-14,9.99990081547174e-10,3.0802511026783015e-14,9.999878834239996e-10,3.0802443318398133e-14,1785.5446764740486,0.0549998050988779,1.0024843433363612e-09,3.087934131508572e-14,1.0000151826817744e-09,3.080328421242713e-14,9.999830537377693e-10,3.080229455045922e-14,0.0,0.0,9.999853079953815e-10,3.080236398794289e-14,9.999943307678292e-10,3.0802641914747306e-14,9.99979292880573e-10,3.080217870546496e-14,9.999690980366454e-10,3.080186467555777e-14,9.999922672076096e-10,3.080257835128044e-14,9.999891405323148e-10,3.080248204087494e-14,9.999974424102435e-10,3.080273776209774e-14,9.999871442184568e-10,3.0802420548785407e-14,9.999871443141144e-10,3.0802420551731935e-14,0.0,0.0,9.99959359960818e-10,3.080156471539458e-14,9.999889716268446e-10,3.080247683811073e-14,0.0,0.0,9.99969404207665e-10,3.0801874106487515e-14,9.999884544139918e-10,3.0802460906498107e-14,0.0,0.0,1.0000005945695984e-09,3.0802834857484067e-14,9.99977370457316e-10,3.0802119489414054e-14,0.0,0.0,9.999653956247557e-10,3.0801750630843564e-14,9.999852648341043e-10,3.0802362658453983e-14,1.0000811367262491e-09,3.080531578275936e-14,9.999790361441507e-10,3.080217079726004e-14,0.0,0.0,9.999683507231669e-10,3.080184165619779e-14,9.999778837667805e-10,3.080213530079132e-14,9.999943216926948e-10,3.0802641635207603e-14,0.0,0.0,9.999838222445347e-10,3.080231822263213e-14,9.999943598844745e-10,3.080264281162199e-14,9.99987144587067e-10,3.0802420560139646e-14,0.0,0.0,9.999927859656487e-10,3.080259433048914e-14,0.0,0.0,9.99985319476844e-10,3.080236434160427e-14,0.0,0.0,9.999959375833964e-10,3.080269140919244e-14,0.0,0.0,0.0,0.0,0.0,0.0,9.999872747360683e-10,3.080242456909545e-14,0.0,0.0,9.999958260735369e-10,3.0802687974374694e-14,9.999794619230983e-10,3.080218391245085e-14,0.0,0.0,9.999783159320218e-10,3.080214861269796e-14,0.0,0.0,9.99972657609258e-10,3.080197432041993e-14
Taieri,general,36349.0,1434.0,0.03945087897878896,0.0,0.0,0.0,0.0,0.0,0.0,0.0,0.0,3047.0,0.0838262400616248,14692.0,0.4041926875567416,0.0,0.0,13383.0,0.36818069272882337,0.0,0.0,0.0,0.0,2758.0,0.07587553990481169,556.0,0.015296156703072987,0.0,0.0,0.0,0.0,0.0,0.0,0.0,0.0,0.0,0.0,0.0,0.0,0.0,0.0,0.0,0.0,0.0,0.0,0.0,0.0,0.0,0.0,0.0,0.0,0.0,0.0,115.0,0.0031637734188010675,0.0,0.0,0.0,0.0,265.0,0.007290434399845938,0.0,0.0,0.0,0.0,0.0,0.0,0.0,0.0,0.0,0.0,0.0,0.0,0.0,0.0,0.0,0.0,0.0,0.0,0.0,0.0,0.0,0.0,0.0,0.0,0.0,0.0,0.0,0.0,0.0,0.0,0.0,0.0,0.0,0.0,0.0,0.0,0.0,0.0,0.0,0.0,0.0,0.0,0.0,0.0,0.0,0.0,0.0,0.0,0.0,0.0,99.0,0.0027235962474896147,0.0,0.0,0.0,0.0,0.0,0.0,0.0,0.0,0.0,0.0,0.0,0.0,0.0,0.0,0.0,0.0,0.0,0.0
Takanini,general,23220.41015185005,1242.9879229413336,0.05352997276158365,490.34045227111824,0.021116786872606173,9.999800448104528e-10,4.3064702056125435e-14,9.99988048939669e-10,4.306504675844395e-14,9.999883717652317e-10,4.3065060661108055e-14,9.999843373964354e-10,4.3064886918750797e-14,7822.930045977315,0.33689887451682393,9.99994579594694e-10,4.306532800476916e-14,13662.92013968137,0.5884013266920178,0.47695703217178115,2.0540422372073402e-05,9.999915343211204e-10,4.3065196858352975e-14,9.999893361938665e-10,4.3065102194768676e-14,0.754633903739747,3.249873274437501e-05,1.0024857997329297e-09,4.3172613798686847e-14,1.000016635491207e-09,4.30662778543355e-14,9.999845064995074e-10,4.3064894201269534e-14,0.0,0.0,9.999867607615143e-10,4.306499128232848e-14,9.999957835475546e-10,4.306537985367504e-14,9.999807456390374e-10,4.30647322377019e-14,9.999705507787322e-10,4.3064293190319085e-14,9.99993719983207e-10,4.306529098511785e-14,9.999905933051525e-10,4.3065156332972e-14,9.999988951941757e-10,4.3065513858483774e-14,9.99988596987748e-10,4.3065070360442163e-14,9.999885970834337e-10,4.3065070364562927e-14,0.0,0.0,9.999608126900174e-10,4.3063873814061255e-14,9.999904243978707e-10,4.306514905888508e-14,0.0,0.0,9.999708569515922e-10,4.3064306375825196e-14,9.999899071841806e-10,4.306512678478713e-14,0.0,0.0,1.0000020473580415e-09,4.3065649608190396e-14,9.999788232117219e-10,4.306464944729024e-14,0.0,0.0,9.99966848363111e-10,4.306413374371168e-14,9.999867176000428e-10,4.306498942355549e-14,1.0000825896320807e-09,4.306911820644136e-14,9.999804889019734e-10,4.30647211811761e-14,0.0,0.0,9.999698034640684e-10,4.3064261006793517e-14,9.999793365222987e-10,4.306467155329842e-14,9.99995774472095e-10,4.3065379462835275e-14,0.0,0.0,9.999852750070878e-10,4.306492729747995e-14,9.999958126637338e-10,4.306538110757965e-14,9.999885973563524e-10,4.306507037631632e-14,0.0,0.0,9.99994238741731e-10,4.306531332574494e-14,0.0,0.0,9.999867722424443e-10,4.3064991776761185e-14,0.0,0.0,9.99997390365912e-10,4.3065449052209735e-14,0.0,0.0,0.0,0.0,0.0,0.0,9.999887275055427e-10,4.306507598126427e-14,0.0,0.0,9.999972788558603e-10,4.3065444249966746e-14,9.999809146814868e-10,4.306473951760989e-14,0.0,0.0,9.999797686889964e-10,4.3064690164799893e-14,0.0,0.0,9.999741103573268e-10,4.306444648556974e-14
Taranaki-King Country,general,35318.49544923139,156.07928042502007,0.004419193922045077,9.999937241045806e-10,2.8313599188901538e-14,9.99981149569991e-10,2.8313243156334758e-14,9.999891537082713e-10,2.831346978372017e-14,768.9892805706075,0.021772990915651887,117.29235937193934,0.003320989693361694,9167.705831978956,0.25957237745750195,9.999956843691629e-10,2.8313654691395553e-14,22111.786686777654,0.6260681947384272,9.999889745617494e-10,2.831346471140552e-14,9.99992639091781e-10,2.8313568468091216e-14,220.64877086826286,0.006247400067917238,9.99998629782221e-10,2.8313738087163713e-14,1.0024869072610338e-09,2.8384190620522315e-14,1.000017740292065e-09,2.8314279177875554e-14,9.999856112634405e-10,2.8313369483727608e-14,0.0,0.0,9.999878655292244e-10,2.831343331050605e-14,9.99996888324766e-10,2.8313688779925875e-14,9.999818503988928e-10,2.8313262999447918e-14,9.999716555278199e-10,2.8312974344143005e-14,9.999948247593234e-10,2.831363035259435e-14,9.999916980749484e-10,2.8313541824350572e-14,2775.9932391969473,0.07859885320390564,9.99989701756794e-10,2.8313485301043763e-14,9.999897018522982e-10,2.8313485303747845e-14,0.0,0.0,9.999619174265931e-10,2.8312698621717604e-14,9.999915291689149e-10,2.8313537041982826e-14,0.0,0.0,9.99971961700858e-10,2.831298301305809e-14,9.999910119559117e-10,2.8313522397729253e-14,0.0,0.0,1.0000031521417568e-09,2.831386613224259e-14,9.99979927970373e-10,2.8313208568235734e-14,0.0,0.0,9.999679531083441e-10,2.831286951466404e-14,9.999878223678405e-10,2.8313432088444256e-14,1.000083694503825e-09,2.8316146590711837e-14,9.99981593661978e-10,2.831325573025619e-14,0.0,0.0,9.99970908213251e-10,2.8312953184845038e-14,9.999804412811915e-10,2.831322310200372e-14,9.999968792477008e-10,2.8313688522919877e-14,0.0,0.0,9.999863797741114e-10,2.8313391243167276e-14,9.999969174416216e-10,2.831368960433403e-14,9.999897021256109e-10,2.831348531148636e-14,0.0,0.0,9.999953435186212e-10,2.8313645040629364e-14,0.0,0.0,9.99987877009639e-10,2.8313433635559945e-14,0.0,0.0,9.999984951444905e-10,2.831373427506105e-14,0.0,0.0,0.0,0.0,0.0,0.0,9.99989832274944e-10,2.831348899650554e-14,0.0,0.0,9.999983836345357e-10,2.831373111779307e-14,9.999820194417852e-10,2.8313267785690656e-14,0.0,0.0,9.999808734484139e-10,2.831323533829003e-14,0.0,0.0,9.999752151105845e-10,2.83130751293752e-14
Taupō,general,36357.0,2320.0,0.06381164562532662,0.0,0.0,0.0,0.0,0.0,0.0,0.0,0.0,2678.0,0.0736584426657865,7044.0,0.19374535852793134,0.0,0.0,21389.0,0.5883048656379789,0.0,0.0,0.0,0.0,1804.0,0.049619055477624664,1122.0,0.030860632065351928,0.0,0.0,0.0,0.0,0.0,0.0,0.0,0.0,0.0,0.0,0.0,0.0,0.0,0.0,0.0,0.0,0.0,0.0,0.0,0.0,0.0,0.0,0.0,0.0,0.0,0.0,0.0,0.0,0.0,0.0,0.0,0.0,0.0,0.0,0.0,0.0,0.0,0.0,0.0,0.0,0.0,0.0,0.0,0.0,0.0,0.0,0.0,0.0,0.0,0.0,0.0,0.0,0.0,0.0,0.0,0.0,0.0,0.0,0.0,0.0,0.0,0.0,0.0,0.0,0.0,0.0,0.0,0.0,0.0,0.0,0.0,0.0,0.0,0.0,0.0,0.0,0.0,0.0,0.0,0.0,0.0,0.0,0.0,0.0,0.0,0.0,0.0,0.0,0.0,0.0,0.0,0.0,0.0,0.0,0.0,0.0,0.0,0.0,0.0,0.0,0.0,0.0,0.0,0.0
Tauranga,general,33868.880523110616,3157.897220340446,0.09323890165739719,206.53011374603508,0.006097931509874031,9.999865213974592e-10,2.9525231007122097e-14,9.999945255785735e-10,2.95254673356039e-14,209.5680396259065,0.006187628182245546,1901.3723795529065,0.05613921541503253,7844.326639799016,0.23160867789670217,42.30067196323076,0.001248953945624706,16038.755487556507,0.4735543436876331,195.56801357768114,0.005774268607556551,9.99998010981576e-10,2.952557024431976e-14,3055.515269465592,0.09021601016250433,1.0000040017043828e-09,2.9525747124178625e-14,1.0024922925489277e-09,2.959921547642744e-14,368.82360208296,0.010889748830974535,9.99990983117209e-10,2.9525362742204e-14,0.0,0.0,9.999932373935573e-10,2.9525429301131063e-14,1.0000022602363346e-09,2.9525695706239174e-14,9.999872222303449e-10,2.952525169965385e-14,9.999770273053093e-10,2.952495068807986e-14,839.4561757005551,0.024785471581434397,9.999970699597434e-10,2.952554246005828e-14,1.0000053719048919e-09,2.9525787580210474e-14,9.999950736312055e-10,2.952548351720256e-14,9.999950737264936e-10,2.9525483520016005e-14,0.0,0.0,9.999672891518989e-10,2.95246631629754e-14,9.999969010516786e-10,2.952553747294143e-14,0.0,0.0,9.999773334797534e-10,2.9524959728072893e-14,9.999963838371106e-10,2.9525522201855994e-14,0.0,0.0,1.0000085240866208e-09,2.952588065035866e-14,9.999852997918242e-10,2.952519493844737e-14,0.0,0.0,9.999733248657083e-10,2.952484137122191e-14,9.99993194231939e-10,2.952542802675714e-14,1.0000890668834773e-09,2.952825872709495e-14,9.99986965492521e-10,2.952524411930812e-14,0.0,0.0,9.99976279986123e-10,2.9524928623010845e-14,9.999858131060943e-10,2.9525210094374055e-14,1.0000022511611392e-09,2.952569543828832e-14,0.0,0.0,9.999917516304411e-10,2.9525385433040555e-14,1.0000022893548394e-09,2.952569656598134e-14,9.999950739998128e-10,2.952548352808593e-14,0.0,0.0,1.0000007154231236e-09,2.952565009465747e-14,0.0,0.0,9.999932488726475e-10,2.952542964005842e-14,0.0,0.0,8.766909662775856,0.00025884852192837335,0.0,0.0,0.0,0.0,0.0,0.0,9.999952041498443e-10,2.952548737084747e-14,0.0,0.0,1.0000037555545786e-09,2.952573985645084e-14,9.999873912736221e-10,2.952525669076293e-14,0.0,0.0,9.999862452751849e-10,2.952522285443827e-14,0.0,0.0,9.99980586906943e-10,2.952505578755698e-14
Tukituki,general,33900.14930451183,1641.6740378954278,0.048426749485641185,9.999968049500858e-10,2.949830090621443e-14,489.9376901366969,0.014452375585009303,9.999922345394754e-10,2.949816608643622e-14,317.9651155901799,0.009379460625203244,1867.759974486982,0.05509592178222054,9939.260940650058,0.29319224677654215,9.999987652218755e-10,2.949835873108629e-14,18574.683691284867,0.5479233594057572,9.99992055392713e-10,2.9498160801894235e-14,9.999957199353925e-10,2.949826890002225e-14,9.999935217993318e-10,2.949820405853613e-14,828.898057496029,0.024451162443278957,1.00248999578803e-09,2.957184603474908e-14,1.0000208212115245e-09,2.9499009347384494e-14,9.999886920845809e-10,2.949806158970192e-14,0.0,0.0,9.999909463562897e-10,2.949812808709958e-14,51.99419163067012,0.0015337452104893863,9.999849312083704e-10,2.9497950649889334e-14,9.999747363055418e-10,2.949764991661713e-14,9.99997905607238e-10,2.949833337383403e-14,9.999947789155151e-10,2.949824114144606e-14,1.0000030808387644e-09,2.9498486034858617e-14,9.999927825883674e-10,2.9498182252999e-14,9.999927826850005e-10,2.949818225584952e-14,0.0,0.0,9.999649981749962e-10,2.949736265739423e-14,9.999946100077123e-10,2.949823615893695e-14,0.0,0.0,9.999750424793164e-10,2.9497658948252125e-14,9.999940927930504e-10,2.949822090193447e-14,0.0,0.0,1.0000062330162292e-09,2.949857901903507e-14,9.999830087726886e-10,2.9497893941121935e-14,0.0,0.0,9.999710338725724e-10,2.9497540700786366e-14,9.999909031948685e-10,2.949812681390692e-14,1.0000867756262762e-09,2.950095489677306e-14,9.999846744700096e-10,2.949794307651972e-14,0.0,0.0,9.99973988988864e-10,2.949762787197446e-14,9.999835220862197e-10,2.949790908304731e-14,155.97908941649678,0.004601132815534156,0.0,0.0,9.999894605967168e-10,2.949808425957659e-14,31.996515885420347,0.0009438458691732627,9.999927829572416e-10,2.9498182263880195e-14,0.0,0.0,9.99998424369117e-10,2.949834867647693e-14,0.0,0.0,9.999909578371825e-10,2.949812842576749e-14,0.0,0.0,1.0000015760045471e-09,2.9498441644664235e-14,0.0,0.0,0.0,0.0,0.0,0.0,9.999929131067923e-10,2.949818610308307e-14,0.0,0.0,1.0000014644943967e-09,2.9498438355293755e-14,9.999851002516497e-10,2.949795563639479e-14,0.0,0.0,9.999839542542566e-10,2.949792183131084e-14,0.0,0.0,9.999782958988693e-10,2.94977549189077e-14
Tāmaki,general,33260.32929865287,15130.297029484584,0.4549052083527447,9.999808735106073e-10,3.006527279184542e-14,9.999682991376078e-10,3.0064894732660065e-14,9.999763031737087e-10,3.0065135380791625e-14,5.330123399875862,0.00016025467914088708,119.57641925323084,0.003595166427232998,6829.978150335082,0.20534908385924233,9.999828337514009e-10,3.006533172814686e-14,10887.948520325372,0.32735540356680604,9.999761240303618e-10,3.0065129994695016e-14,9.999797885131914e-10,3.00652401704782e-14,15.00022595509097,0.00045099451122086515,265.99621724696254,0.007997401795349515,1.0024740246280634e-09,3.014023149399986e-14,1.0000048893894325e-09,3.006599484960407e-14,9.99972760775264e-10,3.0065028875578975e-14,0.0,0.0,9.999750150102925e-10,3.006509665106635e-14,9.999840376900556e-10,3.006536792558327e-14,9.999689999570688e-10,3.0064915803391343e-14,9.999588052170988e-10,3.006460928989058e-14,9.99981974149592e-10,3.006530588348967e-14,4.0000450550236915,0.00012026474600134834,9.999871493007517e-10,3.006546147879702e-14,9.9997685121318e-10,3.0065151858062984e-14,9.99976851309921e-10,3.0065151860971583e-14,0.0,0.0,9.999490672417644e-10,3.006431650940585e-14,9.999786786032925e-10,3.006520680009606e-14,0.0,0.0,9.999591113865186e-10,3.006461849513377e-14,9.999781613967881e-10,3.006519124984399e-14,0.0,0.0,9.999903014249765e-10,3.006555625008435e-14,9.999670775537224e-10,3.006485800470483e-14,0.0,0.0,9.999551028455458e-10,3.006449797495079e-14,9.999749718488535e-10,3.0065095353381095e-14,1.000070842755029e-09,3.006797779345902e-14,9.999687432237296e-10,3.0064908084485835e-14,0.0,0.0,9.99958057911904e-10,3.006458682152629e-14,9.999675908583472e-10,3.006487343764358e-14,9.99984028614505e-10,3.006536765271915e-14,0.0,0.0,9.99973529274497e-10,3.006505198115999e-14,9.999840668058007e-10,3.0065368800972835e-14,9.999768515819847e-10,3.006515186915141e-14,0.0,0.0,9.9998249290277e-10,3.006532148024379e-14,0.0,0.0,9.999750264908545e-10,3.006509699623918e-14,0.0,0.0,9.999856444891474e-10,3.006541623536029e-14,0.0,0.0,0.0,0.0,0.0,0.0,9.999769817309818e-10,3.006515578219136e-14,0.0,0.0,9.99985532980289e-10,3.0065412882751917e-14,9.999691689986431e-10,3.00649208857696e-14,0.0,0.0,9.99968023019378e-10,3.006488643093138e-14,0.0,0.0,2.202567557642905,6.622206105855105e-05
Upper Harbour,general,28449.801106773444,1638.8161217592813,0.057603781327283346,9.999935258384378e-10,3.514940305155087e-14,9.99980951306006e-10,3.514896106138073e-14,57.10433323719945,0.0020071962198570104,68.94908385815762,0.0024235348289215965,1806.3481193459718,0.0634924691588058,6321.665932662994,0.2222042224104655,9.999954861035798e-10,3.514947195414652e-14,16705.728384169706,0.5872001818737614,9.999887762984372e-10,3.514923610697425e-14,9.999924408284566e-10,3.514936491385082e-14,913.8065857979608,0.03211996394521008,226.3698316431984,0.007956815964850572,2.3265521121551127,8.177744735098334e-05,1.0000175420211288e-09,3.5150247211501264e-14,658.4586236573401,0.023144577397434658,0.0,0.0,9.999876672641243e-10,3.514919712482781e-14,9.99996690058421e-10,3.514951427271447e-14,9.999816521360417e-10,3.5148985695297603e-14,9.999714572662869e-10,3.5148627349391545e-14,9.999946264934992e-10,3.514944173916971e-14,9.999914998116175e-10,3.514933183745652e-14,9.999998017082694e-10,3.5149623646057245e-14,9.999895034913331e-10,3.514926166753593e-14,9.999895035869492e-10,3.51492616708968e-14,0.0,0.0,9.999617191685879e-10,3.514828505885452e-14,9.999913309038587e-10,3.514932590041119e-14,0.0,0.0,9.999717634394577e-10,3.5148638111265403e-14,9.999908136903038e-10,3.5149307720545783e-14,0.0,0.0,1.0000029538732418e-09,3.514973444349166e-14,9.999797297080612e-10,3.5148918122664204e-14,0.0,0.0,9.99967754847309e-10,3.514849721073208e-14,9.999876241027483e-10,3.514919560772139e-14,1.0000834962212954e-09,3.515256547727469e-14,9.999813953977728e-10,3.5148976671042284e-14,0.0,0.0,9.999707099519134e-10,3.514860108156736e-14,9.99980243018187e-10,3.5148936165325514e-14,9.999966809819421e-10,3.514951395367959e-14,0.0,0.0,9.999861815093028e-10,3.5149144901094655e-14,9.9999671917507e-10,3.514951529615393e-14,9.999895038601488e-10,3.5149261680499665e-14,0.0,0.0,9.99995145252157e-10,3.514945997334491e-14,0.0,0.0,9.999876787447058e-10,3.5149197528366015e-14,0.0,0.0,9.999982968779124e-10,3.514957075182605e-14,0.0,0.0,0.0,0.0,0.0,0.0,9.999896340094532e-10,3.514926625519964e-14,0.0,0.0,50.22753849147941,0.0017654794247233254,9.99981821178866e-10,3.514899163709044e-14,0.0,0.0,9.999806751846305e-10,3.5148951355816374e-14,0.0,0.0,9.99975016848592e-10,3.5148752467394714e-14
Waikato,general,34666.0,0.0,0.0,0.0,0.0,0.0,0.0,0.0,0.0,338.0,0.009750187503605838,0.0,0.0,7168.0,0.2067732071770611,0.0,0.0,22935.0,0.6615992615242601,0.0,0.0,0.0,0.0,3019.0,0.0870882132348699,0.0,0.0,0.0,0.0,0.0,0.0,1206.0,0.03478913056020308,0.0,0.0,0.0,0.0,0.0,0.0,0.0,0.0,0.0,0.0,0.0,0.0,0.0,0.0,0.0,0.0,0.0,0.0,0.0,0.0,0.0,0.0,0.0,0.0,0.0,0.0,0.0,0.0,0.0,0.0,0.0,0.0,0.0,0.0,0.0,0.0,0.0,0.0,0.0,0.0,0.0,0.0,0.0,0.0,0.0,0.0,0.0,0.0,0.0,0.0,0.0,0.0,0.0,0.0,0.0,0.0,0.0,0.0,0.0,0.0,0.0,0.0,0.0,0.0,0.0,0.0,0.0,0.0,0.0,0.0,0.0,0.0,0.0,0.0,0.0,0.0,0.0,0.0,0.0,0.0,0.0,0.0,0.0,0.0,0.0,0.0,0.0,0.0,0.0,0.0,0.0,0.0,0.0,0.0,0.0,0.0,0.0,0.0
Waimakariri,general,39431.0,1607.0,0.04075473612132586,0.0,0.0,0.0,0.0,1280.0,0.03246176865917679,0.0,0.0,0.0,0.0,11832.0,0.3000684740432655,1495.0,0.03791433136364789,23217.0,0.588800689812584,0.0,0.0,0.0,0.0,0.0,0.0,0.0,0.0,0.0,0.0,0.0,0.0,0.0,0.0,0.0,0.0,0.0,0.0,0.0,0.0,0.0,0.0,0.0,0.0,0.0,0.0,0.0,0.0,0.0,0.0,0.0,0.0,0.0,0.0,0.0,0.0,0.0,0.0,0.0,0.0,0.0,0.0,0.0,0.0,0.0,0.0,0.0,0.0,0.0,0.0,0.0,0.0,0.0,0.0,0.0,0.0,0.0,0.0,0.0,0.0,0.0,0.0,0.0,0.0,0.0,0.0,0.0,0.0,0.0,0.0,0.0,0.0,0.0,0.0,0.0,0.0,0.0,0.0,0.0,0.0,0.0,0.0,0.0,0.0,0.0,0.0,0.0,0.0,0.0,0.0,0.0,0.0,0.0,0.0,0.0,0.0,0.0,0.0,0.0,0.0,0.0,0.0,0.0,0.0,0.0,0.0,0.0,0.0,0.0,0.0,0.0,0.0
Wairarapa,general,40424.21662930803,1844.6343724724843,0.04563191389428442,1.000002194695305e-09,2.4737701261235862e-14,9.999896200543749e-10,2.4737390194207764e-14,9.999976242606694e-10,2.473758819943735e-14,9.999979470883882e-10,2.473759618543549e-14,1542.8588608915402,0.038166697824713054,16043.926687230198,0.3968889943954576,1.0000041549780636e-09,2.4737749754018707e-14,18779.15526201168,0.46455211325966855,9.999974451134877e-10,2.4737583767757614e-14,1.0000011096738276e-09,2.4737674420357603e-14,206.62176316098365,0.0051113362333206095,1458.0103524035444,0.036067745375836666,1.0024953989705355e-09,2.4799377268419706e-14,356.00933114659125,0.008806833151801396,9.999940817866817e-10,2.4737500566966443e-14,0.0,0.0,9.999963360688e-10,2.4737556332601657e-14,1.0000053589419756e-09,2.4737779537252924e-14,9.99990320888867e-10,2.4737407531204012e-14,9.999801259306244e-10,2.473715533192614e-14,1.000003295358149e-09,2.4737728489044734e-14,1.0000001686502824e-09,2.4737651141649348e-14,1.000008470618002e-09,2.4737856512795953e-14,9.999981723134777e-10,2.4737601756974242e-14,9.999981724075877e-10,2.4737601759302303e-14,0.0,0.0,9.999703877496941e-10,2.473691443224416e-14,192.99999995000016,0.004774365863903294,0.0,0.0,9.999804321068885e-10,2.4737162906006472e-14,9.999994825233747e-10,2.473763416848413e-14,0.0,0.0,1.0000116228119923e-09,2.4737934490658063e-14,9.99988398445025e-10,2.4737359974466932e-14,0.0,0.0,9.999764234807494e-10,2.4737063742028208e-14,9.999962929073503e-10,2.473755526488895e-14,1.000092165857626e-09,2.473992693608681e-14,9.999900641486522e-10,2.473740118005522e-14,0.0,0.0,9.999793786107705e-10,2.4737136844991418e-14,9.99988911759826e-10,2.4737372672667264e-14,1.0000053498665682e-09,2.4737779312748702e-14,0.0,0.0,9.999948503026169e-10,2.4737519578242338e-14,1.000005388058297e-09,2.4737780257522206e-14,9.9999817268225e-10,2.47376017660968e-14,0.0,0.0,1.0000038141215065e-09,2.4737741322029528e-14,0.0,0.0,9.999963475505357e-10,2.473755661663278e-14,0.0,0.0,1.0000069657757498e-09,2.473781928653957e-14,0.0,0.0,0.0,0.0,0.0,0.0,9.999983028323987e-10,2.4737604985705234e-14,0.0,0.0,1.0000068542648375e-09,2.473781652802199e-14,9.99990489932405e-10,2.473741171294338e-14,0.0,0.0,9.999893439295564e-10,2.4737383363529485e-14,0.0,0.0,9.999836855433674e-10,2.4737243388369522e-14
Waitaki,general,37340.0,2045.0,0.05476700589180503,0.0,0.0,0.0,0.0,945.0,0.025307980717728978,0.0,0.0,2687.0,0.07196036422067488,9153.0,0.24512587038028924,0.0,0.0,19559.0,0.5238082485270488,0.0,0.0,0.0,0.0,1577.0,0.042233529726834494,887.0,0.023754686663095877,0.0,0.0,0.0,0.0,0.0,0.0,0.0,0.0,0.0,0.0,0.0,0.0,0.0,0.0,0.0,0.0,0.0,0.0,0.0,0.0,0.0,0.0,0.0,0.0,0.0,0.0,0.0,0.0,0.0,0.0,0.0,0.0,0.0,0.0,0.0,0.0,0.0,0.0,0.0,0.0,0.0,0.0,0.0,0.0,0.0,0.0,0.0,0.0,0.0,0.0,0.0,0.0,0.0,0.0,0.0,0.0,0.0,0.0,0.0,0.0,0.0,0.0,0.0,0.0,0.0,0.0,0.0,0.0,0.0,0.0,487.0,0.013042313872522764,0.0,0.0,0.0,0.0,0.0,0.0,0.0,0.0,0.0,0.0,0.0,0.0,0.0,0.0,0.0,0.0,0.0,0.0,0.0,0.0,0.0,0.0,0.0,0.0,0.0,0.0,0.0,0.0,0.0,0.0,0.0,0.0
Waitākere,general,31790.118979393952,1834.3833136938101,0.05770293954806648,1.000009813690165e-09,3.1456623812523686e-14,9.999972389532503e-10,3.145622825763687e-14,157.39386548910235,0.0049510310292051295,105.18779663761737,0.003308820476758803,3973.4384733368415,0.12498973268745506,12852.398060160946,0.4042890832994914,1.0000117739879275e-09,3.1456685476267813e-14,11514.36023756964,0.36219934392296976,79.39207368235841,0.0024973820869880854,1.000008728661768e-09,3.145658968152853e-14,430.89907642399953,0.013554497128598485,679.1226973848111,0.021362697567285354,1.0025030369618325e-09,3.153505142939683e-14,163.54338497582302,0.00514447225195446,1.00000170072078e-09,3.145636860840223e-14,0.0,0.0,1.0000039550201063e-09,3.1456439520352195e-14,1.0000129779612368e-09,3.145672334883161e-14,9.999979397944522e-10,3.145625030351856e-14,9.999877447586293e-10,3.145592960525916e-14,1.0000109143625033e-09,3.145665843561959e-14,1.000007787630292e-09,3.145656008014589e-14,1.000016089661561e-09,3.145682123145754e-14,1.0000057912785396e-09,3.1456497282276096e-14,1.0000057913728268e-09,3.1456497285242024e-14,0.0,0.0,9.99978006502196e-10,3.145562327559617e-14,1.0000076187193223e-09,3.14565547668292e-14,0.0,0.0,9.999880509375405e-10,3.145593923651947e-14,1.0000071014985585e-09,3.145653849696987e-14,0.0,0.0,1.000019241879008e-09,3.1456920388602845e-14,9.999960173362128e-10,3.1456189830066396e-14,0.0,0.0,9.999840422788912e-10,3.1455813138889825e-14,1.0000039118583232e-09,3.1456438162641545e-14,1.0000997855379632e-09,3.1459453995319054e-14,9.999976830522564e-10,3.145624222735515e-14,0.0,0.0,9.999869974318477e-10,3.145590609711242e-14,9.999965306535084e-10,3.1456205977137e-14,1.0000129688855316e-09,3.1456723063343375e-14,0.0,0.0,1.0000024692410842e-09,3.145639278321909e-14,1.0000130070800528e-09,3.145672426480226e-14,1.000005791647463e-09,3.1456497293881067e-14,0.0,0.0,1.0000114331302559e-09,3.145667475414149e-14,0.0,0.0,1.0000039665011848e-09,3.145643988150462e-14,0.0,0.0,1.000014584806474e-09,3.1456773894261734e-14,0.0,0.0,0.0,0.0,0.0,0.0,1.0000059217979097e-09,3.145650138793453e-14,0.0,0.0,1.0000144732950709e-09,3.1456770386523896e-14,9.99998108839243e-10,3.145625562104477e-14,0.0,0.0,9.999969628272096e-10,3.145621957172913e-14,0.0,0.0,9.999913043979098e-10,3.1456041578394045e-14
Wellington Bays,general,36235.55897965958,905.0953355517748,0.024978097786758025,171.4084553682227,0.00473039357456693,17.029961467488537,0.00046997926752139,1.0000212007116983e-09,2.75977859558631e-14,80.5217145779665,0.0022221739320529444,13539.41758509452,0.37365002683399245,12368.816837583568,0.3413447228598478,1.0000277315825158e-09,2.7597966189616944e-14,7972.455993266748,0.22001746951777384,247.00519232558847,0.0068166519099165,1.0000246862075854e-09,2.759788214579325e-14,755.432555946207,0.020847823994387955,1.0000306770886148e-09,2.759804747734044e-14,1.0025190343118365e-09,2.766671917147985e-14,1.000049788210815e-09,2.7598574890818752e-14,84.86044829055196,0.002341910837864745,0.0,0.0,1.0000199124906028e-09,2.7597750404566758e-14,1.0000289355763e-09,2.7597999416475263e-14,1.0000138971685014e-09,2.7597584398514392e-14,2.0936201811933572,5.7778056697527066e-05,1.00002687194379e-09,2.759794246599435e-14,1.0000237451608908e-09,2.7597856175538586e-14,1.0000320473257e-09,2.7598085292048526e-14,1.0000217487786769e-09,2.7597801080977602e-14,1.000021748872527e-09,2.7597801083567603e-14,0.0,0.0,9.999939635594242e-10,2.7597034286700513e-14,1.0000235762479921e-09,2.759785151401539e-14,0.0,0.0,0.2340320147817218,6.45862852324406e-06,1.0000230590183575e-09,2.7597837239925265e-14,0.0,0.0,1.0000351995930601e-09,2.7598172285804077e-14,1.0000119746784703e-09,2.7597531343170823e-14,0.0,0.0,87.9999999500014,0.0024285536756697805,1.0000198693279084e-09,2.7597749213397208e-14,1.0001157445376253e-09,2.7600395100818754e-14,1.0000136404230529e-09,2.7597577313058675e-14,0.0,0.0,1.000002954632872e-09,2.7597282415160538e-14,1.0000124880062948e-09,2.7597545509581912e-14,1.0000289264992717e-09,2.7597999165974685e-14,0.0,0.0,1.000018426687855e-09,2.7597709400569863e-14,1.0000289646933682e-09,2.759800022002484e-14,1.000021749146116e-09,2.7597801091117898e-14,0.0,0.0,1.0000273907209515e-09,2.7597956782791882e-14,0.0,0.0,1.0000199239715064e-09,2.759775072140756e-14,0.0,0.0,1.0000305424465116e-09,2.7598043761595272e-14,0.0,0.0,0.0,0.0,0.0,0.0,1.0000218792993548e-09,2.7597804682982968e-14,0.0,0.0,1.0000304309343464e-09,2.7598040684171648e-14,1.000014066216443e-09,2.75975890637644e-14,0.0,0.0,1.0000129201857845e-09,2.7597557436526104e-14,0.0,0.0,3.1872480059646033,8.795912346084488e-05
Wellington North,general,39391.46307374141,96.95935011004039,0.0024614305370818804,59.59725687159765,0.0015129485482687122,209.97218529091134,0.0053303982362330705,1.0000171581764861e-09,2.5386646754004516e-14,80.63872692272452,0.0020471117503751413,12407.426406430346,0.31497754686601653,12577.63016946471,0.3192983755368313,1.0000236890209793e-09,2.5386812547401957e-14,11709.233064617114,0.2972530632512241,1.000016979025374e-09,2.538664220603655e-14,1.0000206436577567e-09,2.5386735237168088e-14,288.58975492020977,0.0073262004607436235,1.0000266345161873e-09,2.5386887322365316e-14,1.002514981678265e-09,2.5450057028893338e-14,1.0000457455595582e-09,2.5387372479348063e-14,1853.944842213786,0.04706463526737185,0.0,0.0,1.0000158699600995e-09,2.5386614051071288e-14,1.0000248930086344e-09,2.538684311208682e-14,1.000009854662622e-09,2.5386461345459254e-14,22.90637976980783,0.0005815061940432815,1.0000228293854017e-09,2.5386790724511653e-14,1.0000197026153986e-09,2.5386711347668064e-14,1.0000280047466433e-09,2.5386922107325026e-14,1.0000177062398762e-09,2.538666066725747e-14,1.0000177063354161e-09,2.5386660669682868e-14,0.0,0.0,9.999899211328334e-10,2.538595530866262e-14,1.0000195337031375e-09,2.5386707059625732e-14,0.0,0.0,28.765967936219457,0.0007302589366221086,1.000019016474939e-09,2.5386693929161463e-14,0.0,0.0,1.000031157000734e-09,2.5387002131113043e-14,1.0000079321806307e-09,2.538641254092545e-14,0.0,0.0,9.999959569832643e-10,2.5386108536036267e-14,1.000015826798078e-09,2.5386612955351095e-14,1.000111701621247e-09,2.538904685385823e-14,1.0000095979177695e-09,2.538645482768021e-14,0.0,0.0,9.999989121704218e-10,2.5386183557041502e-14,1.0000084455053903e-09,2.5386425572296198e-14,1.0000248839329575e-09,2.5386842881689765e-14,0.0,0.0,1.000014384164636e-09,2.538657633235389e-14,1.000024922127393e-09,2.5386843851301773e-14,1.000017706608497e-09,2.5386660676615356e-14,0.0,0.0,1.0000233481588972e-09,2.538680389420516e-14,0.0,0.0,1.0000158814414547e-09,2.5386614342539397e-14,0.0,0.0,1.0000264998730307e-09,2.538688390428571e-14,0.0,0.0,0.0,0.0,0.0,0.0,1.0000178367618405e-09,2.538666398071562e-14,0.0,0.0,1.0000263883605547e-09,2.5386881073406444e-14,1.0000100237100343e-09,2.5386465636932563e-14,0.0,0.0,15.986065854524966,0.00040582564360706306,0.0,0.0,39.81290330341768,0.0010106987706673227
West Coast-Tasman,general,35792.0,2110.0,0.058951721054984356,0.0,0.0,0.0,0.0,0.0,0.0,1220.0,0.03408582923558337,2090.0,0.05839293696915512,10732.0,0.29984354045596784,0.0,0.0,11633.0,0.32501676352257486,0.0,0.0,0.0,0.0,1548.0,0.043249888243182835,1103.0,0.030816942333482342,0.0,0.0,0.0,0.0,0.0,0.0,0.0,0.0,0.0,0.0,0.0,0.0,0.0,0.0,0.0,0.0,0.0,0.0,0.0,0.0,0.0,0.0,0.0,0.0,0.0,0.0,0.0,0.0,0.0,0.0,0.0,0.0,0.0,0.0,0.0,0.0,0.0,0.0,0.0,0.0,0.0,0.0,0.0,0.0,0.0,0.0,0.0,0.0,0.0,0.0,0.0,0.0,0.0,0.0,0.0,0.0,0.0,0.0,0.0,0.0,0.0,0.0,5281.0,0.14754693786320966,0.0,0.0,0.0,0.0,0.0,0.0,0.0,0.0,0.0,0.0,0.0,0.0,0.0,0.0,0.0,0.0,0.0,0.0,0.0,0.0,0.0,0.0,75.0,0.0020954403218596336,0.0,0.0,0.0,0.0,0.0,0.0,0.0,0.0,0.0,0.0,0.0,0.0,0.0,0.0,0.0,0.0
Whanganui,general,35868.22302241133,1656.734643391763,0.046189482048123634,323.0005012215955,0.009005199421777238,9.999889771351007e-10,2.787952379214001e-14,9.999969813384505e-10,2.7879746947977553e-14,9.999973041659686e-10,2.7879755948354236e-14,1743.3778216617202,0.04860507922492886,11798.762876838595,0.3289475162866709,1.0000035120507761e-09,2.7879929023134205e-14,17447.132571082544,0.48642310939633543,9.999968021914584e-10,2.787974195338967e-14,1.0000004667501847e-09,2.7879844120668045e-14,2899.2146081721103,0.08082961362096502,1.0000064574858758e-09,2.7880011141367325e-14,1.0024947544420982e-09,2.7949384440252736e-14,1.0000255681439525e-09,2.788054394328686e-14,9.999934388656595e-10,2.7879648184434437e-14,0.0,0.0,9.999956931473123e-10,2.7879711033426187e-14,1.0000047160147867e-09,2.787996258944748e-14,9.99989677971898e-10,2.7879543331351554e-14,9.999794830191266e-10,2.7879259097790133e-14,1.0000026524319464e-09,2.7879905057106416e-14,9.999995257256536e-10,2.787981788506305e-14,1.0000078276898589e-09,2.7880049342422956e-14,9.99997529390712e-10,2.7879762227582044e-14,9.99997529485457e-10,2.787976223022352e-14,0.0,0.0,9.999697448442593e-10,2.7878987599119536e-14,9.999993568172188e-10,2.7879813175924412e-14,0.0,0.0,9.999797891959428e-10,2.7879267633948057e-14,9.999988395988516e-10,2.787979875596369e-14,0.0,0.0,1.0000109798807627e-09,2.7880137224972974e-14,9.999877555287076e-10,2.787948973396009e-14,0.0,0.0,9.999757805707254e-10,2.7879155874154024e-14,9.999956499859155e-10,2.7879709830093733e-14,1.0000915228734105e-09,2.788238275000491e-14,9.999894212317388e-10,2.7879536173479274e-14,0.0,0.0,9.999787356992486e-10,2.787923826263815e-14,9.999882688430309e-10,2.7879504045076728e-14,1.0000047069383392e-09,2.7879962336397655e-14,0.0,0.0,9.999942073818552e-10,2.7879669610536177e-14,1.000004745131619e-09,2.7879963401219845e-14,9.999975297577933e-10,2.7879762237816205e-14,0.0,0.0,1.0000031711952176e-09,2.78799195201388e-14,0.0,0.0,9.999957046289219e-10,2.7879711353531522e-14,0.0,0.0,1.0000063228463513e-09,2.788000738764012e-14,0.0,0.0,0.0,0.0,0.0,0.0,9.999976599099335e-10,2.787976586643589e-14,0.0,0.0,1.0000062113355063e-09,2.7880004278736595e-14,9.999898470152165e-10,2.7879548044250723e-14,0.0,0.0,9.999887010128975e-10,2.787951609389962e-14,0.0,0.0,9.999830426309495e-10,2.7879358339166564e-14
Whangaparāoa,general,36482.3089027664,1883.110666819262,0.051617091227372076,9.999876725877598e-10,2.741020792442038e-14,9.999750981289549e-10,2.7409863251641075e-14,500.5498145206392,0.013720343628872766,9.999834250428494e-10,2.7410091496895964e-14,2472.295170483419,0.06776696006474382,5877.86208715495,0.16111540809603858,9.999896328413914e-10,2.741026165604238e-14,24588.80786143066,0.6739926446806147,9.999829230752322e-10,2.7410077737689592e-14,9.999865875816772e-10,2.741017818381143e-14,9.999843894670207e-10,2.7410117932288908e-14,1159.6833023144686,0.03178755230117936,1.0024808406565714e-09,2.7478547022021257e-14,1.0000116886285286e-09,2.7410866217206418e-14,9.99979559796739e-10,2.740998554839033e-14,0.0,0.0,9.999818140478864e-10,2.741004733864471e-14,9.999908367874201e-10,2.741029465686017e-14,9.999757989546034e-10,2.740988246165463e-14,9.999656041441968e-10,2.74096030163368e-14,9.999887732358004e-10,2.7410238093783932e-14,9.999856465720072e-10,2.7410152390222752e-14,9.999939484189342e-10,2.741037994837838e-14,9.999836502645642e-10,2.74100976703461e-14,9.99983650358494e-10,2.741009767292077e-14,0.0,0.0,9.999558661040632e-10,2.7409336091341466e-14,9.99985477665636e-10,2.741014776040692e-14,0.0,0.0,9.999659103142236e-10,2.7409611408624346e-14,9.999849604555402e-10,2.741013358339589e-14,0.0,0.0,9.999971005669603e-10,2.7410466350476298e-14,9.999738765378698e-10,2.7409829767162657e-14,0.0,0.0,9.999619017475155e-10,2.74095015316229e-14,9.999817708867613e-10,2.7410046155574712e-14,1.0000776424439293e-09,2.741267404728583e-14,9.999755422167337e-10,2.7409875424329487e-14,0.0,0.0,9.999648568341687e-10,2.740958253216103e-14,9.999743898441372e-10,2.7409843837167623e-14,9.999908277127579e-10,2.7410294408118724e-14,0.0,0.0,9.9998032830009e-10,2.741000661348665e-14,9.999908659057737e-10,2.7410295455010137e-14,9.999836506331468e-10,2.741009768044915e-14,0.0,0.0,9.999892919904124e-10,2.7410252313130996e-14,0.0,0.0,9.999818255266842e-10,2.741004765328482e-14,0.0,0.0,9.999924435979485e-10,2.741033870041379e-14,0.0,0.0,0.0,0.0,0.0,0.0,9.999837807801802e-10,2.7410101247850375e-14,0.0,0.0,9.999923320894928e-10,2.7410335643906155e-14,9.999759679951069e-10,2.7409887095147096e-14,0.0,0.0,9.999748220075e-10,2.7409855683001282e-14,0.0,0.0,9.99969163704471e-10,2.7409700585826814e-14
Whangārei,general,37125.30748002301,1022.0449755647426,0.02752960298348239,1.0000027117011043e-09,2.6935876887732232e-14,471.46357600190794,0.012699250403666037,497.04764707338575,0.013388377923626498,9.999984640923088e-10,2.6935762474974902e-14,2116.029950430666,0.05699696767681436,8237.098990287304,0.22187288266150137,1.0000046719847053e-09,2.693592968954679e-14,18439.215811223767,0.4966751001630314,9.999979621178488e-10,2.693574895388931e-14,1.000001626679671e-09,2.6935847661807738e-14,4781.014190118947,0.1287804604094281,801.363151463599,0.02158536065714229,1.0024959172660992e-09,2.70030333837784e-14,653.0174534524552,0.017589550034133497,9.999945987881328e-10,2.6935658359899814e-14,0.0,0.0,9.999968530730923e-10,2.6935719080877293e-14,1.0000058759505042e-09,2.6935962119333385e-14,9.999908378894288e-10,2.6935557057070036e-14,9.999806429262334e-10,2.693528244754119e-14,1.0000038123663274e-09,2.6935906535034782e-14,1.000000685655473e-09,2.6935822314564522e-14,1.000008987628302e-09,2.6936045934876177e-14,9.999986893182134e-10,2.6935768541615686e-14,9.999986894126484e-10,2.693576854415937e-14,0.0,0.0,9.999709047391215e-10,2.693502014164333e-14,1.0000005167454696e-09,2.6935817764837802e-14,0.0,0.0,9.999809491012654e-10,2.6935290694611792e-14,105.99999995000019,0.002855195206316834,0.0,0.0,1.00001213982297e-09,2.6936130841773444e-14,9.999889154441207e-10,2.6935505274460314e-14,0.0,0.0,9.999769404732454e-10,2.6935182718993757e-14,9.999968099113202e-10,2.6935717918280265e-14,1.000092682910328e-09,2.6938300334575657e-14,9.999905811493334e-10,2.693555014156919e-14,0.0,0.0,9.99979895605113e-10,2.693526231784608e-14,9.999894287588843e-10,2.6935519101006096e-14,1.0000058668738476e-09,2.6935961874846345e-14,0.0,0.0,9.999953673046067e-10,2.6935679060508804e-14,1.0000059050671032e-09,2.6935962903612384e-14,9.999986896855223e-10,2.6935768551509447e-14,0.0,0.0,1.0000043311298347e-09,2.6935920508346858e-14,0.0,0.0,9.999968645540087e-10,2.6935719390125005e-14,0.0,0.0,1.000007482783454e-09,2.6936005400670535e-14,0.0,0.0,0.0,0.0,0.0,0.0,9.999988198366165e-10,2.6935772057233794e-14,0.0,0.0,1.0000073712724993e-09,2.6936002397033334e-14,1.011734418236563,2.7251879833748816e-05,0.0,0.0,9.999898609294377e-10,2.693553074186735e-14,0.0,0.0,9.999842025412361e-10,2.693537832863267e-14
Wigram,general,28645.212023300555,1215.8007764401952,0.04244342040307609,1.000004525304097e-09,3.4910006059325885e-14,380.775954148804,0.013292830712479057,9.99999954859081e-10,3.490984650578471e-14,1.0000002776866968e-09,3.490985777564773e-14,2048.7025529065686,0.07151989488645137,11393.252467312863,0.3977367127897457,206.76843760762483,0.0072182547449617575,12809.7026506363,0.4471847735047884,41.380493186247655,0.0014445867306755482,1.0000034402810233e-09,3.4909968181335216e-14,1.0000012421280082e-09,3.4909891444147395e-14,346.2631571761198,0.012087994213289915,1.0024977353900313e-09,3.499704364466148e-14,1.0000285417506715e-09,3.491084446982726e-14,9.99996412375648e-10,3.490972283822623e-14,0.0,0.0,49.67283694918576,0.0017340711916805133,1.0000076895584595e-09,3.4910116522964966e-14,9.999926514708973e-10,3.4909591545612733e-14,9.999824564892022e-10,3.490923564035056e-14,1.0000056259706135e-09,3.4910044483426766e-14,1.0000024992542508e-09,3.4909935330233544e-14,1.0000108012429613e-09,3.49102251513982e-14,1.0000005029128706e-09,3.490986563825925e-14,1.000000503008368e-09,3.4909865641593043e-14,0.0,0.0,9.999727182844542e-10,3.4908895681102225e-14,1.0000023303449998e-09,3.490992943363725e-14,0.0,0.0,9.999827626643425e-10,3.49092463288782e-14,1.0000018131261592e-09,3.4909911377606104e-14,0.0,0.0,1.0000139534431037e-09,3.49103351942263e-14,9.999907290221277e-10,3.490952443321824e-14,0.0,0.0,9.999787540297356e-10,3.490910638805305e-14,74.47151031894659,0.002599789111645257,1.00009449667685e-09,3.491314694628039e-14,9.999923947304593e-10,3.4909582582843044e-14,0.0,0.0,9.99981709165484e-10,3.4909209551393095e-14,9.999912423379262e-10,3.490954235299479e-14,1.0000076804830366e-09,3.491011620614334e-14,0.0,0.0,9.99997180892749e-10,3.490974966704148e-14,1.000007718675405e-09,3.491011753943311e-14,1.0000005032816557e-09,3.4909865651133477e-14,0.0,0.0,1.0000061447342517e-09,3.4910062593386564e-14,0.0,0.0,78.42118657969932,0.002737671709879824,0.0,0.0,1.0000092963949479e-09,3.491017261738267e-14,0.0,0.0,0.0,0.0,0.0,0.0,1.0000006334314047e-09,3.490987019464144e-14,0.0,0.0,1.0000091848841376e-09,3.4910168724557225e-14,9.999928205151225e-10,3.490959744692096e-14,0.0,0.0,9.99991674508358e-10,3.4909557439998906e-14,0.0,0.0,9.999860161103069e-10,3.4909359906182554e-14
Ōtāhuhu,general,19712.232329621595,662.4201369534265,0.03360452159231134,31.820194158554127,0.0016142359539227775,1.000007450525894e-09,5.073029953199069e-14,1.0000154548754842e-09,5.0730705592017593e-14,228.20899674702287,0.0115770245059507,2488.2611991385015,0.126229295471492,11235.749546817917,0.5699886932609831,1.0000219857076153e-09,5.073103690061937e-14,4831.722325628894,0.24511289461459215,38.17885012289465,0.0019368100722678297,1.000018940351407e-09,5.0730882409937787e-14,1.000016742164612e-09,5.073077089609408e-14,58.44784347675801,0.002965054515359398,1.0025132741216129e-09,5.0857419766463233e-14,1.0000440422100607e-09,5.073215582525848e-14,1.0000119123383231e-09,5.0730525879385265e-14,0.0,0.0,1.0000141666614605e-09,5.073064024102121e-14,1.0000231896940933e-09,5.073109797875897e-14,1.000008151373267e-09,5.073033508592295e-14,9.999979562343373e-10,5.072981788732467e-14,1.0000211260749237e-09,5.073099329152035e-14,1.0000179993100573e-09,5.073083467098392e-14,1.0000263014271558e-09,5.0731255836733166e-14,1.000016002938233e-09,5.073073339519785e-14,1.0000160030322218e-09,5.07307333999659e-14,0.0,0.0,9.999882178774183e-10,5.072932386124198e-14,1.0000178303981308e-09,5.0730826102095134e-14,0.0,0.0,9.99998262414685e-10,5.07298334198297e-14,1.0000173131699853e-09,5.0730799863151884e-14,0.0,0.0,1.000029453676213e-09,5.0731415750080604e-14,1.0000062288953293e-09,5.0730237558767954e-14,0.0,0.0,9.999942537174236e-10,5.072963005893204e-14,1.0000141234984126e-09,5.0730638051363176e-14,1.000109998158014e-09,5.0735501765325047e-14,1.0000078946281515e-09,5.0730322061263374e-14,0.0,0.0,9.999972089002787e-10,5.07297799751265e-14,1.0000067422191818e-09,5.073026359964673e-14,1.000023180618726e-09,5.07310975183663e-14,0.0,0.0,1.0000126808663297e-09,5.073056486675076e-14,1.0000232188127734e-09,5.073109945594733e-14,1.0000160033067943e-09,5.0730733413894935e-14,0.0,0.0,1.00002164484793e-09,5.073101960883428e-14,0.0,0.0,1.0000141781419534e-09,5.073064082342571e-14,0.0,0.0,1.0000247965566406e-09,5.073117949476996e-14,0.0,0.0,0.0,0.0,0.0,0.0,1.0000161334586067e-09,5.073074001648617e-14,0.0,0.0,1.0000246850425368e-09,5.073117383766823e-14,1.000008320420907e-09,5.073034366169647e-14,0.0,0.0,1.0000071743973721e-09,5.0730285524012425e-14,0.0,0.0,137.4232365376237,0.006971470011091419
Hauraki-Waikato,maori,17376.0,0.0,0.0,0.0,0.0,0.0,0.0,0.0,0.0,923.0,0.05311924493554328,0.0,0.0,7545.0,0.4342196132596685,0.0,0.0,0.0,0.0,0.0,0.0,0.0,0.0,0.0,0.0,0.0,0.0,0.0,0.0,8908.0,0.5126611418047882,0.0,0.0,0.0,0.0,0.0,0.0,0.0,0.0,0.0,0.0,0.0,0.0,0.0,0.0,0.0,0.0,0.0,0.0,0.0,0.0,0.0,0.0,0.0,0.0,0.0,0.0,0.0,0.0,0.0,0.0,0.0,0.0,0.0,0.0,0.0,0.0,0.0,0.0,0.0,0.0,0.0,0.0,0.0,0.0,0.0,0.0,0.0,0.0,0.0,0.0,0.0,0.0,0.0,0.0,0.0,0.0,0.0,0.0,0.0,0.0,0.0,0.0,0.0,0.0,0.0,0.0,0.0,0.0,0.0,0.0,0.0,0.0,0.0,0.0,0.0,0.0,0.0,0.0,0.0,0.0,0.0,0.0,0.0,0.0,0.0,0.0,0.0,0.0,0.0,0.0,0.0,0.0,0.0,0.0,0.0,0.0,0.0,0.0,0.0,0.0
Ikaroa-Rāwhiti,maori,20377.9211062581,0.0,0.0,0.0,0.0,1.9960011082523808,9.79492018761131e-05,0.0,0.0,652.0169438164894,0.03199624438708096,0.0,0.0,11406.998384396973,0.5597724284492327,0.0,0.0,0.0,0.0,0.0,0.0,0.0,0.0,0.0,0.0,0.0,0.0,0.0,0.0,8316.276350608132,0.40810229400948,0.0,0.0,0.0,0.0,0.0,0.0,0.0,0.0,0.0,0.0,0.0,0.0,0.0,0.0,0.0,0.0,0.0,0.0,0.0,0.0,0.0,0.0,0.0,0.0,0.6334263282561301,3.108395233023076e-05,0.0,0.0,0.0,0.0,0.0,0.0,0.0,0.0,0.0,0.0,0.0,0.0,0.0,0.0,0.0,0.0,0.0,0.0,0.0,0.0,0.0,0.0,0.0,0.0,0.0,0.0,0.0,0.0,0.0,0.0,0.0,0.0,0.0,0.0,0.0,0.0,0.0,0.0,0.0,0.0,0.0,0.0,0.0,0.0,0.0,0.0,0.0,0.0,0.0,0.0,0.0,0.0,0.0,0.0,0.0,0.0,0.0,0.0,0.0,0.0,0.0,0.0,0.0,0.0,0.0,0.0,0.0,0.0,0.0,0.0,0.0,0.0,0.0,0.0
Te Tai Hauāuru,maori,19239.0,0.0,0.0,0.0,0.0,0.0,0.0,0.0,0.0,548.0,0.028483808929778056,0.0,0.0,5521.0,0.28696917719216175,0.0,0.0,1071.0,0.05566817402151879,0.0,0.0,0.0,0.0,0.0,0.0,0.0,0.0,0.0,0.0,12099.0,0.6288788398565414,0.0,0.0,0.0,0.0,0.0,0.0,0.0,0.0,0.0,0.0,0.0,0.0,0.0,0.0,0.0,0.0,0.0,0.0,0.0,0.0,0.0,0.0,0.0,0.0,0.0,0.0,0.0,0.0,0.0,0.0,0.0,0.0,0.0,0.0,0.0,0.0,0.0,0.0,0.0,0.0,0.0,0.0,0.0,0.0,0.0,0.0,0.0,0.0,0.0,0.0,0.0,0.0,0.0,0.0,0.0,0.0,0.0,0.0,0.0,0.0,0.0,0.0,0.0,0.0,0.0,0.0,0.0,0.0,0.0,0.0,0.0,0.0,0.0,0.0,0.0,0.0,0.0,0.0,0.0,0.0,0.0,0.0,0.0,0.0,0.0,0.0,0.0,0.0,0.0,0.0,0.0,0.0,0.0,0.0,0.0,0.0,0.0,0.0,0.0,0.0
Te Tai Tokerau,maori,20158.0,0.0,0.0,0.0,0.0,1363.0,0.06761583490425638,0.0,0.0,0.0,0.0,3190.0,0.15824982637166385,7886.0,0.3912094453814863,0.0,0.0,0.0,0.0,0.0,0.0,0.0,0.0,0.0,0.0,0.0,0.0,0.0,0.0,7372.0,0.36571088401627144,0.0,0.0,0.0,0.0,0.0,0.0,0.0,0.0,0.0,0.0,0.0,0.0,0.0,0.0,0.0,0.0,0.0,0.0,0.0,0.0,0.0,0.0,0.0,0.0,0.0,0.0,0.0,0.0,0.0,0.0,0.0,0.0,0.0,0.0,0.0,0.0,0.0,0.0,0.0,0.0,0.0,0.0,0.0,0.0,0.0,0.0,0.0,0.0,0.0,0.0,0.0,0.0,0.0,0.0,0.0,0.0,0.0,0.0,0.0,0.0,0.0,0.0,0.0,0.0,0.0,0.0,0.0,0.0,0.0,0.0,0.0,0.0,0.0,0.0,347.0,0.017214009326322055,0.0,0.0,0.0,0.0,0.0,0.0,0.0,0.0,0.0,0.0,0.0,0.0,0.0,0.0,0.0,0.0,0.0,0.0,0.0,0.0,0.0,0.0,0.0,0.0
Te Tai Tonga,maori,19696.785825679617,0.0,0.0,0.0,0.0,2084.0441185121763,0.10580630448827397,0.0,0.0,0.0,0.0,0.0,0.0,7678.682699673094,0.38984445318291666,0.0,0.0,0.0,0.0,0.0,0.0,0.0,0.0,0.0,0.0,0.0,0.0,0.0,0.0,9272.692433871603,0.47077185668447297,0.0,0.0,0.0,0.0,0.0,0.0,0.0,0.0,0.0,0.0,0.0,0.0,0.0,0.0,0.0,0.0,0.0,0.0,0.0,0.0,0.0,0.0,0.0,0.0,661.3665736227455,0.0335773856443365,0.0,0.0,0.0,0.0,0.0,0.0,0.0,0.0,0.0,0.0,0.0,0.0,0.0,0.0,0.0,0.0,0.0,0.0,0.0,0.0,0.0,0.0,0.0,0.0,0.0,0.0,0.0,0.0,0.0,0.0,0.0,0.0,0.0,0.0,0.0,0.0,0.0,0.0,0.0,0.0,0.0,0.0,0.0,0.0,0.0,0.0,0.0,0.0,0.0,0.0,0.0,0.0,0.0,0.0,0.0,0.0,0.0,0.0,0.0,0.0,0.0,0.0,0.0,0.0,0.0,0.0,0.0,0.0,0.0,0.0,0.0,0.0,0.0,0.0
Tāmaki Makaurau,maori,18075.0,0.0,0.0,0.0,0.0,0.0,0.0,0.0,0.0,576.0,0.03186721991701245,2054.0,0.11363762102351314,7487.0,0.4142185338865837,0.0,0.0,964.0,0.05333333333333334,0.0,0.0,0.0,0.0,0.0,0.0,0.0,0.0,0.0,0.0,6994.0,0.3869432918395574,0.0,0.0,0.0,0.0,0.0,0.0,0.0,0.0,0.0,0.0,0.0,0.0,0.0,0.0,0.0,0.0,0.0,0.0,0.0,0.0,0.0,0.0,0.0,0.0,0.0,0.0,0.0,0.0,0.0,0.0,0.0,0.0,0.0,0.0,0.0,0.0,0.0,0.0,0.0,0.0,0.0,0.0,0.0,0.0,0.0,0.0,0.0,0.0,0.0,0.0,0.0,0.0,0.0,0.0,0.0,0.0,0.0,0.0,0.0,0.0,0.0,0.0,0.0,0.0,0.0,0.0,0.0,0.0,0.0,0.0,0.0,0.0,0.0,0.0,0.0,0.0,0.0,0.0,0.0,0.0,0.0,0.0,0.0,0.0,0.0,0.0,0.0,0.0,0.0,0.0,0.0,0.0,0.0,0.0,0.0,0.0,0.0,0.0,0.0,0.0
Waiariki,maori,21150.0,0.0,0.0,0.0,0.0,0.0,0.0,0.0,0.0,844.0,0.03990543735224586,0.0,0.0,4411.0,0.2085579196217494,0.0,0.0,0.0,0.0,0.0,0.0,0.0,0.0,0.0,0.0,0.0,0.0,0.0,0.0,15895.0,0.7515366430260048,0.0,0.0,0.0,0.0,0.0,0.0,0.0,0.0,0.0,0.0,0.0,0.0,0.0,0.0,0.0,0.0,0.0,0.0,0.0,0.0,0.0,0.0,0.0,0.0,0.0,0.0,0.0,0.0,0.0,0.0,0.0,0.0,0.0,0.0,0.0,0.0,0.0,0.0,0.0,0.0,0.0,0.0,0.0,0.0,0.0,0.0,0.0,0.0,0.0,0.0,0.0,0.0,0.0,0.0,0.0,0.0,0.0,0.0,0.0,0.0,0.0,0.0,0.0,0.0,0.0,0.0,0.0,0.0,0.0,0.0,0.0,0.0,0.0,0.0,0.0,0.0,0.0,0.0,0.0,0.0,0.0,0.0,0.0,0.0,0.0,0.0,0.0,0.0,0.0,0.0,0.0,0.0,0.0,0.0,0.0,0.0,0.0,0.0,0.0,0.0
